actor,movie_or_TV_name
Evan Rachel Wood,The Adults
Evan Rachel Wood,All That I Am
Evan Rachel Wood,Queen
Evan Rachel Wood,One Thousand Paper Cranes
Evan Rachel Wood,Weird: The Al Yankovic Story
Evan Rachel Wood,Phoenix Rising
Evan Rachel Wood,Myth: A Frozen Tale
Evan Rachel Wood,Kajillionaire
Evan Rachel Wood,Showbiz Kids
Evan Rachel Wood,Viena and the Fantomes
Evan Rachel Wood,Frozen II
Evan Rachel Wood,SophiaWorld
Evan Rachel Wood,What We Do in the Shadows
Evan Rachel Wood,Be Natural: The Untold Story of Alice Guy-Blaché
Evan Rachel Wood,Allure
Evan Rachel Wood,Carpool Karaoke: The Series
Evan Rachel Wood,Westworld
Evan Rachel Wood,Into the Forest
Evan Rachel Wood,Strange Magic
Evan Rachel Wood,Doll & Em
Evan Rachel Wood,The Tonight Show Starring Jimmy Fallon
Evan Rachel Wood,Barefoot
Evan Rachel Wood,A Case of You
Evan Rachel Wood,"Love, Marilyn"
Evan Rachel Wood,Charlie Countryman
Evan Rachel Wood,The Ides of March
Evan Rachel Wood,Mildred Pierce
Evan Rachel Wood,Conan
Evan Rachel Wood,The Conspirator
Evan Rachel Wood,Whatever Works
Evan Rachel Wood,Within the Ring
Evan Rachel Wood,The Wrestler: Within The Ring
Evan Rachel Wood,Late Night with Jimmy Fallon
Evan Rachel Wood,True Blood
Evan Rachel Wood,The Wrestler
Evan Rachel Wood,Creating the Universe
Evan Rachel Wood,Across the Universe
Evan Rachel Wood,The Life Before Her Eyes
Evan Rachel Wood,Battle for Terra
Evan Rachel Wood,"Killers Kill, Dead Men Die"
Evan Rachel Wood,King of California
Evan Rachel Wood,Running with Scissors
Evan Rachel Wood,Shark Bait
Evan Rachel Wood,Down in the Valley
Evan Rachel Wood,The Upside of Anger
Evan Rachel Wood,Pretty Persuasion
Evan Rachel Wood,The Late Late Show with Craig Ferguson
Evan Rachel Wood,The Missing
Evan Rachel Wood,Thirteen
Evan Rachel Wood,Punk'd
Evan Rachel Wood,S1m0ne
Evan Rachel Wood,Little Secrets
Evan Rachel Wood,CSI: Crime Scene Investigation
Evan Rachel Wood,Once and Again
Evan Rachel Wood,Down Will Come Baby
Evan Rachel Wood,Practical Magic
Evan Rachel Wood,Detour
Evan Rachel Wood,Get to the Heart: The Barbara Mandrell Story
Evan Rachel Wood,The View
Evan Rachel Wood,Digging to China
Evan Rachel Wood,Profiler
Evan Rachel Wood,The Daily Show with Trevor Noah
Evan Rachel Wood,American Gothic
Evan Rachel Wood,Death in Small Doses
Evan Rachel Wood,A Father for Charlie
Evan Rachel Wood,Touched by an Angel
Evan Rachel Wood,"In the Best of Families: Marriage, Pride & Madness"
Evan Rachel Wood,LIVE with Kelly and Ryan
Evan Rachel Wood,Queen
Evan Rachel Wood,Unauthorized
Evan Rachel Wood,Queen
Evan Rachel Wood,Unauthorized
Daniel Wu,American Born Chinese
Daniel Wu,Reminiscence
Daniel Wu,Caught in Time: Making Of
Daniel Wu,Caught in Time
Daniel Wu,No. 7 Cherry Lane
Daniel Wu,Tomb Raider
Daniel Wu,Geostorm
Daniel Wu,Wished
Daniel Wu,Sky on Fire
Daniel Wu,Westworld
Daniel Wu,Warcraft
Daniel Wu,Into the Badlands
Daniel Wu,Go Away Mr. Tumor
Daniel Wu,I Am Somebody
Daniel Wu,Don't Go Breaking My Heart 2
Daniel Wu,A Rose Reborn
Daniel Wu,Chef Nic
Daniel Wu,Overheard 3
Daniel Wu,That Demon Within
Daniel Wu,Control
Daniel Wu,Europa Report
Daniel Wu,Chinese Zodiac
Daniel Wu,The Man with the Iron Fists
Daniel Wu,Tai Chi Hero
Daniel Wu,Tai Chi Zero
Daniel Wu,The Last Supper
Daniel Wu,Inseparable
Daniel Wu,The Great Magician
Daniel Wu,Overheard 2
Daniel Wu,Beginning of the Great Revival
Daniel Wu,Don't Go Breaking My Heart
Daniel Wu,Triple Tap
Daniel Wu,Red Earth
Daniel Wu,Hot Summer Days
Daniel Wu,Quattro Hong Kong
Daniel Wu,Jump
Daniel Wu,Like a Dream
Daniel Wu,Overheard
Daniel Wu,Shinjuku Incident
Daniel Wu,Skate First
Daniel Wu,Blood Brothers
Daniel Wu,Protégé
Daniel Wu,Ming Ming
Daniel Wu,Robin-B-Hood
Daniel Wu,The Banquet
Daniel Wu,The Heavenly Kings
Daniel Wu,"McDull, the Alumni"
Daniel Wu,Magic & Me
Daniel Wu,Everlasting Regret
Daniel Wu,Drink-Drank-Drunk
Daniel Wu,House of Fury
Daniel Wu,DragonBlade : The Legend of Lang
Daniel Wu,Divergence
Daniel Wu,Beyond Our Ken
Daniel Wu,New Police Story
Daniel Wu,The Twins Effect II
Daniel Wu,Around the World in 80 Days
Daniel Wu,One Nite in Mongkok
Daniel Wu,Enter the Phoenix
Daniel Wu,Magic Kitchen
Jonathan Tucker,Palm Trees and Power Lines
Jonathan Tucker,Echoes
Daniel Wu,Miss Du Shi Niang
Daniel Wu,Hidden Track
Daniel Wu,Night Corridor
Daniel Wu,Love Undercover 2: Love Mission
Daniel Wu,Naked Weapon
Daniel Wu,"Devil Face, Angel Heart"
Daniel Wu,Princess D
Daniel Wu,The Peeping
Daniel Wu,Beauty and the Breast
Jonathan Tucker,Debris
Jonathan Tucker,Monsterland
Jonathan Tucker,Charlie's Angels
Jonathan Tucker,City on a Hill
Jonathan Tucker,Skin
Jonathan Tucker,Sweet Virginia
Jonathan Tucker,Snowfall
Daniel Wu,Love Undercover
Daniel Wu,Peony Pavilion
Daniel Wu,Beijing Rocks
Daniel Wu,Born Wild
Daniel Wu,Cop on a Mission
Daniel Wu,Hit Team
Daniel Wu,Headlines
Daniel Wu,Hong Kong Superstars
Daniel Wu,2000 AD
Daniel Wu,Purple Storm
Daniel Wu,Gen-X Cops
Jonathan Tucker,American Gods
Jonathan Tucker,Westworld
Jonathan Tucker,Kingdom
Jonathan Tucker,High Moon
Jonathan Tucker,Objects in the Rearview
Jonathan Tucker,Perception
Jonathan Tucker,The Next Three Days
Jonathan Tucker,Meskada
Jonathan Tucker,Justified
Jonathan Tucker,Parenthood
Jonathan Tucker,Flying Lessons
Jonathan Tucker,White Collar
Jonathan Tucker,Veronika Decides to Die
Daniel Wu,Gorgeous
Daniel Wu,City of Glass
Daniel Wu,Bishonen
Daniel Wu,Young and Dangerous: The Prequel
Daniel Wu,Getaway
Daniel Wu,Control
Daniel Wu,The Heavenly Kings
Daniel Wu,The Heavenly Kings
Jonathan Tucker,An Englishman in New York
Jonathan Tucker,The Ruins
Jonathan Tucker,In the Valley of Elah
Jonathan Tucker,Day 73 with Sarah
Jonathan Tucker,The Black Donnellys
Jonathan Tucker,Cherry Crush
Jonathan Tucker,Love Comes To The Executioner
Jonathan Tucker,Pulse
Jonathan Tucker,Dance of the Dead
Jonathan Tucker,Masters of Horror
Jonathan Tucker,Criminal Minds
Jonathan Tucker,Hostage
Jonathan Tucker,Criminal
Jonathan Tucker,Stateside
Jonathan Tucker,Chainsaw Redux: Making a Massacre
Jonathan Tucker,The Texas Chainsaw Massacre
Jonathan Tucker,Punk'd
Jonathan Tucker,Law & Order: Criminal Intent
Jonathan Tucker,Relative Evil
Jonathan Tucker,Six Feet Under
Jonathan Tucker,The Deep End
Jonathan Tucker,CSI: Crime Scene Investigation
Jonathan Tucker,100 Girls
Jonathan Tucker,The Virgin Suicides
Jonathan Tucker,Law & Order: Special Victims Unit
Jonathan Tucker,Mr. Music
Jonathan Tucker,The Practice
Jonathan Tucker,Sleepers
Jonathan Tucker,Early Edition
Jonathan Tucker,Two If by Sea
Jonathan Tucker,Troublemakers
Jonathan Tucker,LIVE with Kelly and Ryan
Nozipho McLean,The Inheritance
Nozipho McLean,Westworld
Nozipho McLean,Bull
Celeste Clark,Westworld
Marshawn Lynch,The Great American Baking Show: Celebrity Holiday
Marshawn Lynch,Bottoms
Marshawn Lynch,Who Killed Santa? A Murderville Murder Mystery
Marshawn Lynch,Murderville
Marshawn Lynch,Lynch: A History
Marshawn Lynch,Westworld
Marshawn Lynch,Running Wild with Bear Grylls
Marshawn Lynch,Brooklyn Nine-Nine
Marshawn Lynch,Conan
Marshawn Lynch,The League
Lena Waithe,House Party
Lena Waithe,Stand Out: An LGBTQ+ Celebration
Lena Waithe,The Proud Family: Louder and Prouder
Lena Waithe,2021 Rock & Roll Hall of Fame Induction Ceremony
Lena Waithe,Twenties After-Show With B. Scott
Lena Waithe,The One and Only Dick Gregory
Lena Waithe,Bad Hair
Lena Waithe,Amend: The Fight for America
Lena Waithe,Graduate Together: America Honors the High School Class of 2020
Lena Waithe,You Ain't Got These
Lena Waithe,Onward
Lena Waithe,Visible: Out On Television
Lena Waithe,"Breakfast, Lunch & Dinner"
Lena Waithe,A Black Lady Sketch Show
Lena Waithe,The Shop
Lena Waithe,Ready Player One
Lena Waithe,Big Mouth
Lena Waithe,Dear White People
Lena Waithe,Westworld
Lena Waithe,This Is Us
Lena Waithe,Master of None
Lena Waithe,Close Up with The Hollywood Reporter
Lena Waithe,Transparent
Lena Waithe,RuPaul's Drag Race
Lena Waithe,The Comeback
Lena Waithe,The Daily Show with Trevor Noah
Lena Waithe,The Oscars
Lena Waithe,Chang Can Dunk
Lena Waithe,Talent Show
Lena Waithe,A Thousand and One
Lena Waithe,Kokomo City
Lena Waithe,Black Santa
Lena Waithe,The One and Only Dick Gregory
Lena Waithe,Shoebox
Lena Waithe,Soñadora
Lena Waithe,Them
Lena Waithe,The Beauty President
Lena Waithe,The Forty-Year-Old Version
Lena Waithe,Queen & Slim
Lena Waithe,Fragile.com
Lena Waithe,Step Sisters
Lena Waithe,The Chi
Lena Waithe,Master of None
Lena Waithe,Ladylike
Lena Waithe,Dear White People
Lena Waithe,I Will Follow
Lena Waithe,Talent Show
Lena Waithe,Beauty
Lena Waithe,You Love Me
Lena Waithe,Queen & Slim
Lena Waithe,Rising
Lena Waithe,The Chi
Lena Waithe,Master of None
Lena Waithe,Bones
Lena Waithe,Boomerang
Lena Waithe,The Chi
Tommy Flanagan,Code Name Banshee
Tommy Flanagan,There Are No Saints
Tommy Flanagan,Boon
Tommy Flanagan,Power Book IV: Force
Tommy Flanagan,Montford: The Chickasaw Rancher
Tommy Flanagan,40-Love
Tommy Flanagan,American Fighter
Tommy Flanagan,Max Cloud
Tommy Flanagan,The Rising Hawk
Tommy Flanagan,The Wave
Tommy Flanagan,Wu Assassins
Tommy Flanagan,Killers Anonymous
Tommy Flanagan,3 Way Junction
Tommy Flanagan,Legal Action
Tommy Flanagan,Mayans M.C.
Tommy Flanagan,Adolescence
Tommy Flanagan,The Ballad of Lefty Brown
Tommy Flanagan,Papillon
Tommy Flanagan,Sand Castle
Tommy Flanagan,Guardians of the Galaxy Vol. 2
Tommy Flanagan,Running Wild
Tommy Flanagan,48 Hours to Live
Tommy Flanagan,Westworld
Tommy Flanagan,Winter
Tommy Flanagan,Peaky Blinders
Tommy Flanagan,Officer Down
Tommy Flanagan,Revenge
Tommy Flanagan,Luster
Tommy Flanagan,Smokin' Aces 2: Assassins' Ball
Tommy Flanagan,Sons of Anarchy
Tommy Flanagan,Hero Wanted
Tommy Flanagan,Smokin' Aces
Tommy Flanagan,The Last Drop
Tommy Flanagan,When a Stranger Calls
Tommy Flanagan,Sin City
Tommy Flanagan,Trauma
Tommy Flanagan,AVP: Alien vs. Predator
Tommy Flanagan,Charlie's Angels: Full Throttle
Tommy Flanagan,Ultimate Fights from the Movies
Tommy Flanagan,All About the Benjamins
Tommy Flanagan,Dead Dogs Lie
Tommy Flanagan,Strictly Sinatra
Tommy Flanagan,Attila
Tommy Flanagan,Attila
Tommy Flanagan,Sunset Strip
Tommy Flanagan,Gladiator
Tommy Flanagan,Ratcatcher
Tommy Flanagan,Law & Order: Special Victims Unit
Tommy Flanagan,Plunkett & MacLeane
Tommy Flanagan,The Game
Tommy Flanagan,Face/Off
Tommy Flanagan,The Saint
Tommy Flanagan,Braveheart
Tommy Flanagan,Tis' the Season to be Jolly
Tommy Flanagan,The Hawk
Tommy Flanagan,Black and Blue
Tommy Flanagan,Ella Fitzgerald: Live in Cologne
Betty Gabriel,It Lives Inside
Betty Gabriel,The Spine of Night
Betty Gabriel,Clickbait
Betty Gabriel,Human Capital
Betty Gabriel,Defending Jacob
Betty Gabriel,Adopt a Highway
Betty Gabriel,The Twilight Zone
Betty Gabriel,Tom Clancy's Jack Ryan
Betty Gabriel,Unfriended: Dark Web
Betty Gabriel,Upgrade
Betty Gabriel,Abducted
Betty Gabriel,Counterpart
Betty Gabriel,Beyond Skyline
Betty Gabriel,Get Out
Betty Gabriel,12 Deadly Days
Betty Gabriel,Westworld
Betty Gabriel,The Purge: Election Year
Betty Gabriel,Experimenter
Betty Gabriel,He's Way More Famous Than You
Betty Gabriel,In Memoriam
Martin Sensmeier,The Things They Carried
Martin Sensmeier,Night of the Cooters
Martin Sensmeier,Wind River: The Next Chapter
Martin Sensmeier,Frybread Face and Me
Martin Sensmeier,The Last Manhunt
Martin Sensmeier,9 Bullets
Martin Sensmeier,1883
Martin Sensmeier,Montford: The Chickasaw Rancher
Martin Sensmeier,La Brea
Martin Sensmeier,The Ice Road
Martin Sensmeier,DC Showcase: The Losers
Martin Sensmeier,The Liberator
Martin Sensmeier,Perfect
Martin Sensmeier,Spare Room
Martin Sensmeier,Beyond The Sky
Martin Sensmeier,Yellowstone
Martin Sensmeier,Who Controls the Land
Martin Sensmeier,Wind River
Martin Sensmeier,Westworld
Martin Sensmeier,The Magnificent Seven
Martin Sensmeier,Lilin's Brood
Oliver Bell,Westworld
Oliver Bell,The Magicians
Oliver Bell,Some Kind of Beautiful
Oliver Bell,Salem
Oliver Bell,The Sidekick
Oliver Bell,The Neighbors
Oliver Bell,Once Upon a Time
Jeff Daniel Phillips,Mosquito
Jeff Daniel Phillips,Peephole
Jeff Daniel Phillips,Christmas Bloody Christmas
Jeff Daniel Phillips,The Munsters: Return to Mockingbird Lane
Jeff Daniel Phillips,The Munsters
Jeff Daniel Phillips,An American Pickle
Jeff Daniel Phillips,Becoming
Jeff Daniel Phillips,Undercover Brother 2
Jeff Daniel Phillips,Satanic Panic
Jeff Daniel Phillips,To Hell and Back: The Making of 3 From Hell
Jeff Daniel Phillips,3 from Hell
Jeff Daniel Phillips,The Gifted
Jeff Daniel Phillips,Psychopaths
Jeff Daniel Phillips,The Ice Cream Truck
Jeff Daniel Phillips,Westworld
Jeff Daniel Phillips,31
Jeff Daniel Phillips,Happy Birthday
Jeff Daniel Phillips,Flaked
Jeff Daniel Phillips,The Weight of Blood and Bones
Jeff Daniel Phillips,As You Were
Jeff Daniel Phillips,Marvel's Agents of S.H.I.E.L.D.
Jeff Daniel Phillips,Glow
Jeff Daniel Phillips,The Lords of Salem
Jeff Daniel Phillips,Faster
Jeff Daniel Phillips,Halloween II
Jeff Daniel Phillips,Elsewhere
Jeff Daniel Phillips,Cavemen
Jeff Daniel Phillips,Zodiac
Jeff Daniel Phillips,Unknown
Jeff Daniel Phillips,Beyond Belief: Fact or Fiction
Jeff Daniel Phillips,Sneakers
Jeff Daniel Phillips,Otis E.
Jeff Daniel Phillips,Otis E.
Demetrius Grosse,Avalon
Demetrius Grosse,Survival
Demetrius Grosse,Strong Enough
Demetrius Grosse,Guillermo del Toro's Cabinet of Curiosities
Demetrius Grosse,Boon
Demetrius Grosse,Lovecraft Country
Demetrius Grosse,Body Cam
Demetrius Grosse,The Rookie
Demetrius Grosse,Rampage
Demetrius Grosse,The Brave
Demetrius Grosse,Westworld
Demetrius Grosse,Game of Silence
Demetrius Grosse,13 Hours: The Secret Soldiers of Benghazi
Demetrius Grosse,Fear the Walking Dead
Demetrius Grosse,Straight Outta Compton
Demetrius Grosse,Chicago P.D.
Demetrius Grosse,Saving Mr. Banks
Demetrius Grosse,This Is Martin Bonner
Demetrius Grosse,Banshee: Origins
Demetrius Grosse,Banshee
Demetrius Grosse,The Cape
Demetrius Grosse,Justified
Demetrius Grosse,NCIS: Los Angeles
Demetrius Grosse,Dexter
Demetrius Grosse,Heroes
Demetrius Grosse,Criminal Minds
Demetrius Grosse,Bones
Demetrius Grosse,Numb3rs
Demetrius Grosse,House
Demetrius Grosse,NCIS
Demetrius Grosse,CSI: Miami
Marti Matulis,Smile
Marti Matulis,Studio 666
Marti Matulis,Star Trek: Picard
Marti Matulis,Evil
Marti Matulis,Killing Time
Marti Matulis,Westworld
Marti Matulis,Z Nation
Marti Matulis,Sleepy Hollow
Marti Matulis,The Apparition
Marti Matulis,Grimm
Marti Matulis,Land of the Lost
MorningStar Angeline,Lazaretto
MorningStar Angeline,Silt
MorningStar Angeline,Hacking at Leaves
MorningStar Angeline,Frybread Face and Me
MorningStar Angeline,Outer Range
MorningStar Angeline,I Know This Much Is True
MorningStar Angeline,Fukry
MorningStar Angeline,The Incredible 25th Year of Mitzi Bearclaw
MorningStar Angeline,The Kid
MorningStar Angeline,Yellowstone
MorningStar Angeline,Katie Says Goodbye
MorningStar Angeline,Westworld
MorningStar Angeline,Delivery From Earth
MorningStar Angeline,Drunktown's Finest
MorningStar Angeline,Seeds
MorningStar Angeline,Good Morning
MorningStar Angeline,Seeds
MorningStar Angeline,Good Morning
MorningStar Angeline,Seeds
MorningStar Angeline,Seeds
MorningStar Angeline,Seeds
MorningStar Angeline,Little Chief
Aurora Perrineau,Crossword
Aurora Perrineau,It Takes Three
Aurora Perrineau,Prodigal Son
Aurora Perrineau,When They See Us
Aurora Perrineau,All That We Destroy
Aurora Perrineau,Virginia Minnesota
Aurora Perrineau,Boo!
Aurora Perrineau,The Body
Aurora Perrineau,Truth or Dare
Aurora Perrineau,Passengers
Aurora Perrineau,Westworld
Aurora Perrineau,Freaks of Nature
Aurora Perrineau,Jem and the Holograms
Aurora Perrineau,A House Is Not a Home
Aurora Perrineau,The Carmichael Show
Aurora Perrineau,Equals
Aurora Perrineau,Chasing Life
Aurora Perrineau,Ken Follett's Journey Into the Dark Ages
Aurora Perrineau,Air Collision
Aurora Perrineau,Pretty Little Liars
Ariana DeBose,Argylle
Ariana DeBose,ISS
Ariana DeBose,House of Spoils
Ariana DeBose,Two and Only
Ariana DeBose,Wish
Ariana DeBose,Kraven the Hunter
Ariana DeBose,Step Into… The Movies with Derek and Julianne Hough
Ariana DeBose,Human Resources
Ariana DeBose,The Stories of West Side Story
Ariana DeBose,West Side Story
Ariana DeBose,Something's Coming: West Side Story
Ariana DeBose,The Wonderful World of Disney: Magical Holiday Celebration
Ariana DeBose,Wicked in Concert: A Musical Celebration of the Iconic Broadway Score
Ariana DeBose,Schmigadoon!
Ariana DeBose,The Prom
Ariana DeBose,Hamilton
Ariana DeBose,Seaside
Ariana DeBose,Hot Stuff: Backstage at 'Summer' with Ariana DeBose
Ariana DeBose,Westworld
Ariana DeBose,Bronx Bullet: Backstage at 'A Bronx Tale' with Ariana DeBose
Ariana DeBose,Crossing the Line to Broadway
Ariana DeBose,Company
Ariana DeBose,The Graham Norton Show
Ariana DeBose,The View
Ariana DeBose,The Daily Show with Trevor Noah
Ariana DeBose,LIVE with Kelly and Ryan
Ariana DeBose,Saturday Night Live
Ariana DeBose,The Oscars
Ariana DeBose,Hot Stuff: Backstage at 'Summer' with Ariana DeBose
Ariana DeBose,Bronx Bullet: Backstage at 'A Bronx Tale' with Ariana DeBose
Ariana DeBose,Two and Only
Ariana DeBose,The Stories of West Side Story
Aaron Fili,Law & Order: Organized Crime
Aaron Fili,DAVE
Aaron Fili,Good Girls
Aaron Fili,Westworld
Aaron Fili,The Hindenburg Explodes!
Aaron Fili,The Night Shift
Aaron Fili,Marvel's Agents of S.H.I.E.L.D.
Aaron Fili,Film Camp
Aaron Fili,Omaha (The Movie)
Aaron Fili,Law & Order
Bradley Fisher,Beau Is Afraid
Bradley Fisher,Waking Karma
Bradley Fisher,1923
Bradley Fisher,Teardrop
Bradley Fisher,Let Them Die Like Lovers
Bradley Fisher,Let It Bleed
Bradley Fisher,Westworld
Bradley Fisher,They Watch
Bradley Fisher,C'est la Vie
Bradley Fisher,Parks and Recreation
Bradley Fisher,Scary Movie 2
Bradley Fisher,Tales from the Darkside
Bradley Fisher,The Night Before
Bradley Fisher,Tales from the Darkside
Bradley Fisher,The A-Team
Bradley Fisher,Queen Bitch and the High Horse
Paul-Mikél Williams,Jurassic World Camp Cretaceous: Hidden Adventure
Paul-Mikél Williams,The Girl Who Believes in Miracles
Paul-Mikél Williams,Jurassic World: Camp Cretaceous
Paul-Mikél Williams,The 15:17 to Paris
Paul-Mikél Williams,Raven's Home
Paul-Mikél Williams,Training Day
Paul-Mikél Williams,Westworld
Alexander Ward,Hunter: The Reckoning - Garage
Alexander Ward,Club Auspex
Alexander Ward,Vampire: The Masquerade - N.Y. By Night
Alexander Ward,Studio 666
Alexander Ward,Grummy
Alexander Ward,Army of the Dead
Alexander Ward,Son
Alexander Ward,Pooka Lives!
Alexander Ward,Annabelle Comes Home
Alexander Ward,The Black String
Alexander Ward,Vampire: The Masquerade - L.A. By Night
Alexander Ward,Vampire: The Masquerade: L.A. By Night
Alexander Ward,Dead Night
Alexander Ward,All the Creatures Were Stirring
Alexander Ward,Ghosted
Alexander Ward,Devil's Whisper
Alexander Ward,Westworld
Alexander Ward,Critical Role
Alexander Ward,Sleepy Hollow
Steven Ogg,The Ghost Trap
Steven Ogg,Civil
Steven Ogg,Dark Match
Steven Ogg,Emancipation
Steven Ogg,V/H/S/99
Steven Ogg,Snowpiercer
Steven Ogg,The Short History of the Long Road
Steven Ogg,Solis
Steven Ogg,Westworld
Steven Ogg,RUSH: Inspired by Battlefield
Steven Ogg,The Tick
Steven Ogg,He Never Died
Steven Ogg,The Escort
Steven Ogg,"Black Dog, Red Dog"
Steven Ogg,Better Call Saul
Steven Ogg,Moondog Airwaves
Steven Ogg,Kingdom Coming
Steven Ogg,The Sandman
Steven Ogg,Disgrace
Steven Ogg,The Walking Dead
Steven Ogg,Mail Order Bride
Steven Ogg,Law & Order
Izabella Alvarez,Comedy Chingonas
Izabella Alvarez,The Loud House Movie
Izabella Alvarez,Craig of the Creek: Capture The Flag
Izabella Alvarez,The Republic of Sarah
Izabella Alvarez,Magic Camp
Izabella Alvarez,The Casagrandes
Izabella Alvarez,Collisions
Izabella Alvarez,Euphoria
Izabella Alvarez,Craig of the Creek
Izabella Alvarez,Splitting Up Together
Izabella Alvarez,S.W.A.T.
Izabella Alvarez,Westworld
Izabella Alvarez,Little Dead Rotting Hood
Vincent Cassel,Small Dark Look
Vincent Cassel,Lina
Vincent Cassel,The Shrouds
Vincent Cassel,Heart of Darkness
Vincent Cassel,The Three Musketeers: Milady
Vincent Cassel,The Three Musketeers: D'Artagnan
Vincent Cassel,Liaison
Vincent Cassel,Asterix & Obelix: The Middle Kingdom
Vincent Cassel,One Night With Asterix & Obelix
Vincent Cassel,Le Late avec Alain Chabat
Vincent Cassel,Fireheart
Vincent Cassel,Becoming Cousteau
Vincent Cassel,Patrick & Sebastien Vs The Fake News
Vincent Cassel,6 x confiné.e.s
Vincent Cassel,A Friendly Tale...
Vincent Cassel,Underwater
Vincent Cassel,The Specials
Vincent Cassel,The Irreversible Odyssey
Vincent Cassel,The Emperor of Paris
Vincent Cassel,Default
Vincent Cassel,The Great Mystical Circus
Vincent Cassel,The World Is Yours
Vincent Cassel,Black Tide
Vincent Cassel,Gauguin: Voyage to Tahiti
Vincent Cassel,The Movie of My Life
Vincent Cassel,The Man Who Unlocked the Universe
Vincent Cassel,Westworld
Vincent Cassel,Xavier Dolan: Bound to Impossible
Vincent Cassel,It's Only the End of the World
Vincent Cassel,Jason Bourne
Vincent Cassel,My King
Vincent Cassel,Violence en réunion
Vincent Cassel,One Wild Moment
Vincent Cassel,Tale of Tales
Vincent Cassel,Child 44
Vincent Cassel,Partisan
Vincent Cassel,"Rio, I Love You"
Vincent Cassel,Beauty and the Beast
Vincent Cassel,Kourtrajmé Vol 1
Vincent Cassel,Trance
Vincent Cassel,Il était une fois... La Haine
Vincent Cassel,A Dangerous Method
Vincent Cassel,Platane
Vincent Cassel,The Monk
Vincent Cassel,"Belmondo, itinéraire..."
Vincent Cassel,Black Swan: Metamorphosis
Vincent Cassel,14 Actors Acting
Vincent Cassel,Black Swan
Vincent Cassel,Great Migrations
Vincent Cassel,Our Day Will Come
Vincent Cassel,C à vous
Vincent Cassel,Adrift
Vincent Cassel,Round Da Way
Vincent Cassel,Mesrine: Public Enemy #1
Vincent Cassel,Mesrine: Killer Instinct
Vincent Cassel,His Majesty Minor
Vincent Cassel,Eastern Promises
Vincent Cassel,Ocean's Thirteen
Vincent Cassel,FBI Zoo
Vincent Cassel,Ten Years of La Haine
Vincent Cassel,The Making of Derailed
Vincent Cassel,Satan
Vincent Cassel,Derailed
Vincent Cassel,"Philippe Nahon, de l'acteur fétiche à l'icône"
Vincent Cassel,Ocean's Twelve
Vincent Cassel,Secret Agents
Vincent Cassel,The Reckoning
Vincent Cassel,Renegade
Vincent Cassel,Irreversible
Vincent Cassel,Le Chat d'la grand mère d'Abdel Krim
Vincent Cassel,"Alice Nevers, le juge est une femme"
Vincent Cassel,La barbichette
Vincent Cassel,Read My Lips
Vincent Cassel,Birthday Girl
Vincent Cassel,Burger Quiz
Vincent Cassel,Shrek
Vincent Cassel,Brotherhood of the Wolf
Vincent Cassel,Dear Father
Vincent Cassel,"Tarubi, l'arabe strait 2"
Vincent Cassel,The Crimson Rivers
Vincent Cassel,Guest House Paradiso
Vincent Cassel,The Making of 'Guest House Paradiso'
Vincent Cassel,The Messenger: The Story of Joan of Arc
Vincent Cassel,Unruly
Vincent Cassel,Femmes enragées
Vincent Cassel,Vivement dimanche
Vincent Cassel,Elizabeth
Vincent Cassel,Pleasure (And Its Little Inconveniences)
Vincent Cassel,Lascars
Vincent Cassel,Compromis
Vincent Cassel,As You Want Me
Vincent Cassel,Dobermann
Vincent Cassel,The Pupil
Vincent Cassel,The Apartment
Vincent Cassel,Blood of the Hunter
Vincent Cassel,La Haine
Vincent Cassel,Adultery (A User's Guide)
Vincent Cassel,Jefferson in Paris
Vincent Cassel,Women
Vincent Cassel,3000 scénarios contre un virus
Vincent Cassel,Valse Nocturne
Vincent Cassel,C'est mon histoire
Vincent Cassel,Elle voulait faire quelque chose
Vincent Cassel,Putain de porte
Vincent Cassel,Dose mortelle
Vincent Cassel,Café au Lait
Vincent Cassel,Warburg: A Man of Influence
Vincent Cassel,Hot Chocolate
Vincent Cassel,Un dimanche sans ailes
Vincent Cassel,Les clés du paradis
Vincent Cassel,Les dessous de la passion
Vincent Cassel,Les cigognes n'en font qu'à leur tête
Vincent Cassel,"Capoeira, les guerriers de la danse"
Vincent Cassel,Liaison
Vincent Cassel,Our Day Will Come
Vincent Cassel,Satan
Vincent Cassel,Irreversible
Vincent Cassel,Black Swan: Metamorphosis
Fares Fares,Leende Guldbruna Ögon
Fares Fares,A Day and A Half
Fares Fares,Cairo Conspiracy
Fares Fares,BIANCA
Fares Fares,The Contractor
Fares Fares,The Wheel of Time
Fares Fares,Carina Bergfeldt
Fares Fares,Partisan
Fares Fares,Luuk & Hallberg
Fares Fares,Chernobyl
Fares Fares,The Purity of Vengeance
Fares Fares,The Nile Hilton Incident
Fares Fares,Rogue One: A Star Wars Story
Fares Fares,Westworld
Fares Fares,A Conspiracy of Faith
Fares Fares,The Commune
Fares Fares,Child 44
Fares Fares,The Absent One
Fares Fares,The Keeper of Lost Causes
Fares Fares,The Three Musketeers - The Musical
Fares Fares,Zero Dark Thirty
Fares Fares,Sleepwalking in the Rift
Fares Fares,Easy Money: Hard to Kill
Fares Fares,Safe House
Fares Fares,Hellenius hörna
Fares Fares,Easy Money
Fares Fares,Metropia
Fares Fares,The Fur
Fares Fares,"For a Moment, Freedom"
Fares Fares,Leende Guldbruna Ögon
Fares Fares,7 Millionaires
Fares Fares,Kill Your Darlings
Fares Fares,Bang Bang Orangutang
Fares Fares,Zozo
Fares Fares,Fakiren fra Bilbao
Fares Fares,Day and Night
Fares Fares,"Chlorox, Ammonium and Coffee"
Fares Fares,Kops
Fares Fares,Days Like This
Fares Fares,The Best Man's Wedding
Fares Fares,A Day and A Half
Fares Fares,A Day and A Half
Fares Fares,The Nile Hilton Incident
Sidse Babett Knudsen,Club Zero
Sidse Babett Knudsen,Agent
Sidse Babett Knudsen,Oh My Goodness!
Sidse Babett Knudsen,Borgen - Power & Glory
Sidse Babett Knudsen,Limbo
Sidse Babett Knudsen,Roadkill
Sidse Babett Knudsen,The Idiots Who Started The Party
Sidse Babett Knudsen,Ted Lasso
Sidse Babett Knudsen,The Exception
Sidse Babett Knudsen,Wildland
Sidse Babett Knudsen,The Translators
Sidse Babett Knudsen,The Accident
Sidse Babett Knudsen,The Ash Lad: In Search of the Golden Castle
Sidse Babett Knudsen,Captain Bimse
Sidse Babett Knudsen,In Fabric
Sidse Babett Knudsen,Holly på Sommerøen
Sidse Babett Knudsen,Vitello
Sidse Babett Knudsen,Philip K. Dick's Electric Dreams
Sidse Babett Knudsen,The Eternal Road
Sidse Babett Knudsen,150 Milligrams
Sidse Babett Knudsen,Inferno
Sidse Babett Knudsen,Westworld
Sidse Babett Knudsen,A Hologram for the King
Sidse Babett Knudsen,1864: Brødre i krig
Sidse Babett Knudsen,Courted
Sidse Babett Knudsen,Vitello Digs a Hole
Sidse Babett Knudsen,The Duke of Burgundy
Sidse Babett Knudsen,1864
Sidse Babett Knudsen,Speed Walking
Sidse Babett Knudsen,Almost Perfect
Sidse Babett Knudsen,Borgen
Sidse Babett Knudsen,ZULU Comedy Galla
Sidse Babett Knudsen,Therapy
Sidse Babett Knudsen,The Apple & The Worm
Sidse Babett Knudsen,"Above the Street, Below the Water"
Sidse Babett Knudsen,Take the Trash
Sidse Babett Knudsen,With Your Permission
Sidse Babett Knudsen,Søren Østergaards 'internationale' tivoli varieté
Sidse Babett Knudsen,After the Wedding
Sidse Babett Knudsen,Fakiren fra Bilbao
Sidse Babett Knudsen,Bjørno & Bingo
Sidse Babett Knudsen,Villa Paranoia
Sidse Babett Knudsen,Proof
Sidse Babett Knudsen,Dogville: The Pilot
Sidse Babett Knudsen,"Old, New, Borrowed and Blue"
Sidse Babett Knudsen,The Boy Who Wanted to Be a Bear
Sidse Babett Knudsen,Klonkadonka!
Sidse Babett Knudsen,Chop Chop
Sidse Babett Knudsen,Mona's World
Sidse Babett Knudsen,Miracle
Sidse Babett Knudsen,Max
Sidse Babett Knudsen,The One and Only
Sidse Babett Knudsen,Mifune
Sidse Babett Knudsen,Motello
Sidse Babett Knudsen,Thérapie russe
Sidse Babett Knudsen,Let's Get Lost
Sidse Babett Knudsen,A Quiet Death
Sidse Babett Knudsen,Fanny Farveløs
Sidse Babett Knudsen,Charlot og Charlotte
Sidse Babett Knudsen,Juletestamentet
Sidse Babett Knudsen,The Simpsons
Jasmyn Rae,Westworld
Jasmyn Rae,The Odd Couple
Jasmyn Rae,New Girl
Jasmyn Rae,Shake It Up
Leonardo Nam,Descendants 4
Leonardo Nam,Prey
Leonardo Nam,Director by Night
Leonardo Nam,Werewolf by Night
Leonardo Nam,Habla Loud
Leonardo Nam,Maggie
Leonardo Nam,Marvelous and the Black Hole
Leonardo Nam,Yes Day
Leonardo Nam,Pacific Rim: The Black
Leonardo Nam,Phobias
Leonardo Nam,Star Trek: Lower Decks
Leonardo Nam,Close Enough
Leonardo Nam,DC Showcase: Death
Leonardo Nam,Swamp Thing
Leonardo Nam,Perfect
Leonardo Nam,Happy Anniversary
Leonardo Nam,Westworld
Leonardo Nam,MacGyver
Leonardo Nam,Sneaky Pete
Leonardo Nam,For Justice
Leonardo Nam,Someone Else
Leonardo Nam,The Flash
Leonardo Nam,Cat Run 2
Leonardo Nam,Murder of a Cat
Leonardo Nam,Snake & Mongoose
Leonardo Nam,One for the Money
Leonardo Nam,Watching TV with the Red Chinese
Leonardo Nam,Hawaii Five-0
Leonardo Nam,He's Just Not That Into You
Leonardo Nam,The Sisterhood of the Traveling Pants 2
Leonardo Nam,Vantage Point
Leonardo Nam,Half-Life
Leonardo Nam,Undoing
Leonardo Nam,American Pastime
Leonardo Nam,Finishing the Game: The Search for a New Bruce Lee
Leonardo Nam,Room 10
Leonardo Nam,10 Items or Less
Leonardo Nam,The Fast and the Furious: Tokyo Drift
Leonardo Nam,Bones
Leonardo Nam,Little Athens
Leonardo Nam,The Sisterhood of the Traveling Pants
Leonardo Nam,Debating Robert Lee
Leonardo Nam,The Perfect Score
Leonardo Nam,Nobody's Perfect
Leonardo Nam,CSI: Crime Scene Investigation
Ptolemy Slocum,Uproot
Ptolemy Slocum,AJ and the Queen
Ptolemy Slocum,The Mandela Effect
Ptolemy Slocum,Portals
Ptolemy Slocum,Emergence
Ptolemy Slocum,Vice
Ptolemy Slocum,Good Girls
Ptolemy Slocum,Westworld
Ptolemy Slocum,Wild Oats
Ptolemy Slocum,Preacher
Ptolemy Slocum,iZombie
Ptolemy Slocum,The Man in the High Castle
Ptolemy Slocum,Bad Teacher
Ptolemy Slocum,Looking
Ptolemy Slocum,We Cause Scenes
Ptolemy Slocum,Detour
Ptolemy Slocum,The Root of the Problem
Ptolemy Slocum,Would You Rather
Ptolemy Slocum,Veep
Ptolemy Slocum,Manhattan Mixup
Ptolemy Slocum,Pretty Little Liars
Ptolemy Slocum,A Dog Year
Ptolemy Slocum,Confessions of a Shopaholic
Ptolemy Slocum,Damages
Ptolemy Slocum,How I Met Your Mother
Ptolemy Slocum,Hitch
Ptolemy Slocum,Learn Public Speaking: The Standard Deviants
Ptolemy Slocum,The Sopranos
Katja Herbers,"Rotterdam, I Love You"
Katja Herbers,Upload
Katja Herbers,The Columnist
Katja Herbers,Evil
Katja Herbers,Love Over Distance
Katja Herbers,Manhunt
Katja Herbers,Westworld
Katja Herbers,Men in the City 2
Katja Herbers,The Late Show with Stephen Colbert
Katja Herbers,Manhattan
Katja Herbers,The Leftovers
Katja Herbers,The Pool
Katja Herbers,Toen was geluk heel gewoon: De film
Katja Herbers,Men in the City
Katja Herbers,The Americans
Katja Herbers,Divorce
Katja Herbers,Fidgety Bram
Katja Herbers,Süskind
Katja Herbers,Godforsaken True Killers
Katja Herbers,Sonny Boy
Katja Herbers,Loft
Katja Herbers,The Storm
Katja Herbers,Life is Beautiful
Katja Herbers,Amsterdam
Katja Herbers,Drawn Out Love
Katja Herbers,The Chosen One
Katja Herbers,Bijlmer Odyssey
Katja Herbers,Zinloos
Katja Herbers,De kroon
Katja Herbers,Peter Bell II: The Hunt for the Czar Crown
Katja Herbers,Peter Bell
Katja Herbers,SOKO 5113
Katja Herbers,Devil's Pie: D'Angelo
Zahn McClarnon,Echo
Zahn McClarnon,ARK: The Animated Series
Zahn McClarnon,National Anthem
Zahn McClarnon,The Red Man's View
Zahn McClarnon,"History of the World, Part II"
Zahn McClarnon,The Last Manhunt
Zahn McClarnon,Dark Winds
Zahn McClarnon,Hawkeye
Zahn McClarnon,Reservation Dogs
Zahn McClarnon,The Forever Purge
Zahn McClarnon,The Silencing
Zahn McClarnon,Barkskins
Zahn McClarnon,Togo
Zahn McClarnon,Hell on the Border
Zahn McClarnon,Doctor Sleep
Zahn McClarnon,Braven
Zahn McClarnon,"Midnight, Texas"
Zahn McClarnon,The Son
Zahn McClarnon,Timeless
Zahn McClarnon,Westworld
Zahn McClarnon,Neither Wolf Nor Dog
Zahn McClarnon,In Embryo
Zahn McClarnon,Bone Tomahawk
Zahn McClarnon,Mekko
Zahn McClarnon,Strike One
Zahn McClarnon,Fargo
Zahn McClarnon,Resolution
Zahn McClarnon,The Cherokee Word for Water
Zahn McClarnon,Awful Nice
Zahn McClarnon,Longmire
Zahn McClarnon,Yellow Rock
Zahn McClarnon,Ringer
Zahn McClarnon,The Legend of Hell's Gate: An American Conspiracy
Zahn McClarnon,Not Forgotten
Zahn McClarnon,Repo Chick
Zahn McClarnon,Castle
Zahn McClarnon,Comanche Moon
Zahn McClarnon,Life
Zahn McClarnon,Saving Grace
Zahn McClarnon,The Librarian: Return to King Solomon's Mines
Zahn McClarnon,Into the West
Zahn McClarnon,Robot Chicken
Zahn McClarnon,Medium
Zahn McClarnon,Momentum
Zahn McClarnon,Spirit: Stallion of the Cimarron
Zahn McClarnon,The Shield
Zahn McClarnon,Lakota Moon
Zahn McClarnon,A Town Has Turned to Dust
Zahn McClarnon,Dangerous Minds
Zahn McClarnon,Crazy Horse
Zahn McClarnon,Happily Ever After: Fairy Tales for Every Child
Zahn McClarnon,Silent Fall
Zahn McClarnon,Chicago Hope
Zahn McClarnon,"Walker, Texas Ranger"
Zahn McClarnon,"Dr. Quinn, Medicine Woman"
Zahn McClarnon,Baywatch
Zahn McClarnon,Dark Winds
Zahn McClarnon,Bury My Heart at Wounded Knee
Zahn McClarnon,Westworld
Jimmi Simpson,Dark Matter
Jimmi Simpson,Fool's Paradise
Jimmi Simpson,Audrey's Children
Jimmi Simpson,A Little White Lie
Jimmi Simpson,The Starling Girl
Jimmi Simpson,Green Lantern: Beware My Power
Jimmi Simpson,The Man Who Fell to Earth
Jimmi Simpson,Lightning Wolves
Jimmi Simpson,Pachinko
Jimmi Simpson,Studio 666
Jimmi Simpson,Star Trek: Prodigy
Jimmi Simpson,Night of the Animated Dead
Jimmi Simpson,Ultra City Smiths
Jimmi Simpson,Silk Road
Jimmi Simpson,Breaking News in Yuba County
Jimmi Simpson,Unhinged
Jimmi Simpson,Psych 2: Lassie Come Home
Jimmi Simpson,Perpetual Grace LTD
Jimmi Simpson,The Twilight Zone
Jimmi Simpson,Treehouse
Jimmi Simpson,Under the Silver Lake
Jimmi Simpson,Unsolved: The Murders of Tupac and The Notorious B.I.G.
Jimmi Simpson,"Mother, May I Dance with Mary Jane's Fist?: A Lifetone Original Movie"
Jimmi Simpson,Psych: The Movie
Jimmi Simpson,Wormwood
Jimmi Simpson,Dream Corp LLC
Jimmi Simpson,Westworld
Jimmi Simpson,This Is Us
Jimmi Simpson,Hap and Leonard
Jimmi Simpson,Gravy
Jimmi Simpson,The Last Time You Had Fun
Jimmi Simpson,The Truth About Emanuel
Jimmi Simpson,White House Down
Jimmi Simpson,House of Cards
Jimmi Simpson,Knights of Badassdom
Jimmi Simpson,Hello I Must Be Going
Jimmi Simpson,Wake
Jimmi Simpson,The Newsroom
Jimmi Simpson,Abraham Lincoln: Vampire Hunter
Jimmi Simpson,Good Mythical Morning
Jimmi Simpson,Black Mirror
Jimmi Simpson,Breakout Kings
Jimmi Simpson,The Big Bang
Jimmi Simpson,Miss This at Your Peril
Jimmi Simpson,Date Night
Jimmi Simpson,Good Intentions
Jimmi Simpson,Taking Chances
Jimmi Simpson,The Invention of Lying
Jimmi Simpson,Virtuality
Jimmi Simpson,Virtuality
Jimmi Simpson,The Mother of Invention
Jimmi Simpson,Party Down
Jimmi Simpson,A Quiet Little Marriage
Jimmi Simpson,Eleventh Hour
Jimmi Simpson,Itty Bitty Titty Committee
Jimmi Simpson,Girltrash!
Jimmi Simpson,Girltrash!
Jimmi Simpson,Zodiac
Jimmi Simpson,Seraphim Falls
Jimmi Simpson,Psych
Jimmi Simpson,Stay Alive
Jimmi Simpson,My Name Is Earl
Jimmi Simpson,How I Met Your Mother
Jimmi Simpson,It's Always Sunny in Philadelphia
Jimmi Simpson,Herbie Fully Loaded
Jimmi Simpson,House
Jimmi Simpson,D.E.B.S.
Jimmi Simpson,Cold Case
Jimmi Simpson,Carnivàle
Jimmi Simpson,Final Draft
Jimmi Simpson,Rose Red
Jimmi Simpson,24
Jimmi Simpson,Slo-Mo
Jimmi Simpson,The Division
Jimmi Simpson,CSI: Crime Scene Investigation
Jimmi Simpson,Loser
Ben Barnes,The Critic
Ben Barnes,Picture of Dorian Gray
Ben Barnes,Guillermo del Toro's Cabinet of Curiosities
Ben Barnes,Star Trek: Prodigy
Ben Barnes,Shadow and Bone - The Afterparty
Ben Barnes,Shadow and Bone
Ben Barnes,The Rocky Horror Show
Ben Barnes,Gold Digger
Ben Barnes,Marvel's The Punisher
Ben Barnes,Mt. Wolf: Soteria
Ben Barnes,Westworld
Ben Barnes,Sons of Liberty
Ben Barnes,Seventh Son
Ben Barnes,By the Gun
Ben Barnes,Jackie & Ryan
Ben Barnes,The Big Wedding
Ben Barnes,The Words
Ben Barnes,The Secret Islands: Untold Adventures of the Dawn Treader
Ben Barnes,Killing Bono
Ben Barnes,The Chronicles of Narnia: The Voyage of the Dawn Treader
Ben Barnes,Locked In
Ben Barnes,Dorian Gray
Ben Barnes,Bigga Than Ben
Ben Barnes,Easy Virtue
Ben Barnes,The Chronicles of Narnia: Prince Caspian
Ben Barnes,Stardust
Ben Barnes,Jimmy Kimmel Live!
Ben Barnes,GMTV
Ben Barnes,The Tonight Show with Jay Leno
Ben Barnes,When Zachary Beaver Came to Town
Louis Herthum,The Peripheral
Louis Herthum,Hacks
Louis Herthum,Home Before Dark
Louis Herthum,FBI: Most Wanted
Louis Herthum,All Rise
Louis Herthum,WHAT / IF
Louis Herthum,The Possession of Hannah Grace
Louis Herthum,Dirty John
Louis Herthum,I Still See You
Louis Herthum,City of Lies
Louis Herthum,Philip K. Dick's Electric Dreams
Louis Herthum,Be Afraid
Louis Herthum,Westworld
Louis Herthum,The Night Stalker
Louis Herthum,Lucifer
Louis Herthum,Chicago Med
Louis Herthum,Truth
Louis Herthum,Atlas Shrugged: Part III
Louis Herthum,No Half Measures: Creating the Final Season of Breaking Bad
Louis Herthum,Sleepy Hollow
Louis Herthum,Cheesecake Casserole
Louis Herthum,Seconds Apart
Louis Herthum,Hawaii Five-0
Louis Herthum,The Last Exorcism
Louis Herthum,The Gates
Louis Herthum,Treme
Louis Herthum,Wrong Side of Town
Louis Herthum,In the Electric Mist
Louis Herthum,12 Rounds
Louis Herthum,The Open Road
Louis Herthum,I Love You Phillip Morris
Louis Herthum,The Curious Case of Benjamin Button
Louis Herthum,Mutants
Louis Herthum,The Mentalist
Louis Herthum,True Blood
Louis Herthum,Lockjaw: Rise of the Kulev Serpent
Louis Herthum,Racing for Time
Louis Herthum,Breaking Bad
Louis Herthum,The Mist
Louis Herthum,K-Ville
Louis Herthum,Pride
Louis Herthum,For One Night
Louis Herthum,Red Ridge
Louis Herthum,Criminal Minds
Louis Herthum,The Rain Makers
Louis Herthum,NCIS
Louis Herthum,The Ghost
Louis Herthum,CSI: Crime Scene Investigation
Louis Herthum,JAG
Louis Herthum,Grand Slam
Louis Herthum,"Murder, She Wrote"
Louis Herthum,Columbo
Louis Herthum,Red Ridge
Talulah Riley,Pistol
Talulah Riley,Father Christmas Is Back
Talulah Riley,Bloodshot
Talulah Riley,Elon Musk: The Real Life Iron Man
Talulah Riley,The Last Witness
Talulah Riley,Westworld
Talulah Riley,Submerged
Talulah Riley,The Bad Education Movie
Talulah Riley,Scottish Mussel
Talulah Riley,Mojave
Talulah Riley,Thor: The Dark World
Talulah Riley,In a World...
Talulah Riley,The Liability
Talulah Riley,The Knot
Talulah Riley,White Frog
Talulah Riley,The Dilemma
Talulah Riley,Love and Distrust
Talulah Riley,Inception
Talulah Riley,The Summer House
Talulah Riley,St Trinian's 2: The Legend of Fritton's Gold
Talulah Riley,The Boat That Rocked
Talulah Riley,Phoo Action
Talulah Riley,St. Trinian's
Talulah Riley,Nearly Famous
Talulah Riley,Friends Forever
Talulah Riley,Pride & Prejudice
Talulah Riley,Doctor Who
Talulah Riley,Agatha Christie's Marple
Talulah Riley,Agatha Christie's Poirot
Talulah Riley,Scottish Mussel
Talulah Riley,Scottish Mussel
Aaron Paul,Dual
Aaron Paul,Adele One Night Only
Aaron Paul,Adam
Aaron Paul,David Blaine: The Magic Way
Aaron Paul,Truth Be Told
Aaron Paul,The Road to El Camino: Behind the Scenes of El Camino: A Breaking Bad Movie
Aaron Paul,El Camino: A Breaking Bad Movie
Aaron Paul,The Parts You Lose
Aaron Paul,Welcome Home
Aaron Paul,American Woman
Aaron Paul,Come and Find Me
Aaron Paul,Westworld
Aaron Paul,The 9th Life of Louis Drax
Aaron Paul,Kingsglaive: Final Fantasy XV
Aaron Paul,Central Intelligence
Aaron Paul,The Path
Aaron Paul,Eye in the Sky
Aaron Paul,Triple 9
Aaron Paul,Fathers and Daughters
Aaron Paul,Unity
Aaron Paul,Better Call Saul
Aaron Paul,Exodus: Gods and Kings
Aaron Paul,BoJack Horseman
Aaron Paul,Barely Legal Pawn
Aaron Paul,Hellion
Aaron Paul,Decoding Annie Parker
Aaron Paul,A Long Way Down
Aaron Paul,Need for Speed
Aaron Paul,The Tonight Show Starring Jimmy Fallon
Aaron Paul,Off Camera with Sam Jones
Aaron Paul,No Half Measures: Creating the Final Season of Breaking Bad
Aaron Paul,David Blaine: Real or Magic
Aaron Paul,WAKEY
Aaron Paul,Robot Chicken: DC Comics Special
Aaron Paul,Smashed
Aaron Paul,Black Mirror
Aaron Paul,Quirky Girl
Aaron Paul,Conan
Aaron Paul,Weird: The Al Yankovic Story
Aaron Paul,Wreckage
Aaron Paul,The Last House on the Left
Aaron Paul,Say Goodnight
Aaron Paul,Breaking Bad
Aaron Paul,Daydreamer
Aaron Paul,Mission: Impossible III
Aaron Paul,Choking Man
Aaron Paul,Big Love
Aaron Paul,Ghost Whisperer
Aaron Paul,Criminal Minds
Aaron Paul,Bones
Aaron Paul,Bad Girls from Valley High
Aaron Paul,Point Pleasant
Aaron Paul,Veronica Mars
Aaron Paul,Perfect Opposites
Aaron Paul,Joan of Arcadia
Aaron Paul,Threat Matrix
Aaron Paul,Jimmy Kimmel Live!
Aaron Paul,Birds of Prey
Aaron Paul,CSI: Miami
Aaron Paul,National Lampoon's Van Wilder
Aaron Paul,Wasted
Aaron Paul,K-PAX
Aaron Paul,The Guardian
Aaron Paul,The Division
Aaron Paul,Nikki
Aaron Paul,CSI: Crime Scene Investigation
Aaron Paul,Whatever It Takes
Aaron Paul,Judging Amy
Aaron Paul,Get Real
Aaron Paul,3rd Rock from the Sun
Aaron Paul,ER
Aaron Paul,The X-Files
Aaron Paul,Melrose Place
Aaron Paul,"Beverly Hills, 90210"
Aaron Paul,The Price Is Right
Aaron Paul,The Emmy Awards
Aaron Paul,El Camino: A Breaking Bad Movie
Aaron Paul,The Parts You Lose
Aaron Paul,The Path
Aaron Paul,BoJack Horseman
Aaron Paul,Hellion
Shannon Woodward,Super Pumped
Shannon Woodward,First Date
Shannon Woodward,Mr. Corman
Shannon Woodward,Happily
Shannon Woodward,The Great North
Shannon Woodward,Ode to Joy
Shannon Woodward,Anna & the Asteroid
Shannon Woodward,The Guest Book
Shannon Woodward,All Nighter
Shannon Woodward,Westworld
Shannon Woodward,The Veil
Shannon Woodward,The Breakup Girl
Shannon Woodward,Search Party
Shannon Woodward,"You, Me & Her"
Shannon Woodward,Drunk History
Shannon Woodward,Adult World
Shannon Woodward,Garfunkel and Oates
Shannon Woodward,Katy Perry: Part of Me
Shannon Woodward,TableTop
Shannon Woodward,Raising Hope
Shannon Woodward,Girlfriend
Shannon Woodward,The Shortcut
Shannon Woodward,The Haunting of Molly Hartley
Shannon Woodward,The Comebacks
Shannon Woodward,The Riches
Shannon Woodward,Sunny and Share Love You
Shannon Woodward,Psych
Shannon Woodward,Criminal Minds
Shannon Woodward,The Quiet
Shannon Woodward,Man of the House
Shannon Woodward,Medical Investigation
Shannon Woodward,Without a Trace
Shannon Woodward,Crossing Jordan
Shannon Woodward,Grounded for Life
Shannon Woodward,Boston Public
Shannon Woodward,Malcolm in the Middle
Shannon Woodward,Law & Order: Special Victims Unit
Shannon Woodward,Tornado!
Shannon Woodward,The Drew Carey Show
Shannon Woodward,Family Reunion: A Relative Nightmare
Shannon Woodward,ER
Shannon Woodward,Clarissa Explains It All
Gustaf Skarsgård,Oppenheimer
Gustaf Skarsgård,Air
Gustaf Skarsgård,What Remains
Gustaf Skarsgård,Soul of a Man
Gustaf Skarsgård,Blood
Gustaf Skarsgård,The Emigrants
Gustaf Skarsgård,Cursed
Gustaf Skarsgård,438 Days
Gustaf Skarsgård,Little Match Girl
Gustaf Skarsgård,Darling
Gustaf Skarsgård,Westworld
Gustaf Skarsgård,The Wizard's Daughter
Gustaf Skarsgård,The Galapagos Affair: Satan Came to Eden
Gustaf Skarsgård,The Fat and the Angry
Gustaf Skarsgård,The Fat and the Angry
Gustaf Skarsgård,Autumn Blood
Gustaf Skarsgård,Us
Gustaf Skarsgård,Vikings
Gustaf Skarsgård,Kon-Tiki
Gustaf Skarsgård,Happy End
Gustaf Skarsgård,Bibliotekstjuven
Gustaf Skarsgård,The Way Back
Gustaf Skarsgård,Trust Me
Gustaf Skarsgård,Arn: The Knight Templar
Gustaf Skarsgård,Skavlan
Gustaf Skarsgård,"Patrik, Age 1.5"
Gustaf Skarsgård,Arn: The Kingdom at Road's End
Gustaf Skarsgård,Iscariot
Gustaf Skarsgård,Between 11 and 12
Gustaf Skarsgård,Arn - The Full Story
Gustaf Skarsgård,Arn: The Knight Templar
Gustaf Skarsgård,The Pyramid
Gustaf Skarsgård,Snapphanar
Gustaf Skarsgård,Kidz in da Hood
Gustaf Skarsgård,The Babylon Syndrome
Gustaf Skarsgård,The Color of Milk
Gustaf Skarsgård,Swedenhielms
Gustaf Skarsgård,Details
Gustaf Skarsgård,Evil
Gustaf Skarsgård,The Invisible
Gustaf Skarsgård,The House of Shadows
Gustaf Skarsgård,Between Summers
Gustaf Skarsgård,Prima ballerina
Gustaf Skarsgård,Code Name Coq Rouge
Gustaf Skarsgård,People with No Significance
Gustaf Skarsgård,People with No Significance
Clifton Collins Jr.,Riptide
Clifton Collins Jr.,"Red, White & Royal Blue"
Clifton Collins Jr.,Butter Miracle Suite One
Clifton Collins Jr.,The Bricklayer
Clifton Collins Jr.,Landscape with Invisible Hand
Clifton Collins Jr.,After Yang
Clifton Collins Jr.,Jockey
Clifton Collins Jr.,Nightmare Alley
Clifton Collins Jr.,Billy D and the Hall of Feathered Serpents featuring Money Shot by Puscifer
Clifton Collins Jr.,Breaking News in Yuba County
Clifton Collins Jr.,The Stand
Clifton Collins Jr.,LA Originals
Clifton Collins Jr.,Waves
Clifton Collins Jr.,Honey Boy
Clifton Collins Jr.,Lucky Day
Clifton Collins Jr.,Running with the Devil
Clifton Collins Jr.,Once Upon a Time… in Hollywood
Clifton Collins Jr.,The Mule
Clifton Collins Jr.,A Crooked Somebody
Clifton Collins Jr.,Super Troopers 2
Clifton Collins Jr.,Small Town Crime
Clifton Collins Jr.,The Vault
Clifton Collins Jr.,M.F.A.
Clifton Collins Jr.,Punching Henry
Clifton Collins Jr.,Westworld
Clifton Collins Jr.,Hacker
Clifton Collins Jr.,Transpecos
Clifton Collins Jr.,Triple 9
Clifton Collins Jr.,Man Down
Clifton Collins Jr.,Stung
Clifton Collins Jr.,Ballers
Clifton Collins Jr.,Knight of Cups
Clifton Collins Jr.,Transcendence
Clifton Collins Jr.,Hellbenders
Clifton Collins Jr.,Cleaners
Clifton Collins Jr.,The Blacklist
Clifton Collins Jr.,Pacific Rim
Clifton Collins Jr.,Red Widow
Clifton Collins Jr.,Parker
Clifton Collins Jr.,Freeloaders
Clifton Collins Jr.,Abraham Lincoln Vampire Hunter: The Great Calamity
Clifton Collins Jr.,Sunset Strip
Clifton Collins Jr.,The FP
Clifton Collins Jr.,Pound Puppies
Clifton Collins Jr.,The Event
Clifton Collins Jr.,Scott Pilgrim vs. the World
Clifton Collins Jr.,The Experiment
Clifton Collins Jr.,Tell-Tale
Clifton Collins Jr.,Extract: Mike Judge's Secret Recipe
Clifton Collins Jr.,The Boondock Saints II: All Saints Day
Clifton Collins Jr.,The Perfect Game
Clifton Collins Jr.,Extract
Clifton Collins Jr.,Family Man
Clifton Collins Jr.,Star Trek
Clifton Collins Jr.,Crank: High Voltage
Clifton Collins Jr.,Horsemen
Clifton Collins Jr.,Brothers
Clifton Collins Jr.,Fear Itself
Clifton Collins Jr.,Little Chenier
Clifton Collins Jr.,Under Still Waters
Clifton Collins Jr.,Sunshine Cleaning
Clifton Collins Jr.,Masters of Science Fiction
Clifton Collins Jr.,Babel
Anthony Hopkins,Those About To Die
Clifton Collins Jr.,National Lampoon's TV: The Movie
Clifton Collins Jr.,Thief
Clifton Collins Jr.,Making Capote: Concept to Script
Clifton Collins Jr.,Rampage: The Hillside Strangler Murders
Clifton Collins Jr.,Capote
Clifton Collins Jr.,Dirty
Clifton Collins Jr.,Life of the Party
Clifton Collins Jr.,Veronica Mars
Clifton Collins Jr.,Mindhunters
Clifton Collins Jr.,Undefeated
Clifton Collins Jr.,I Witness
Clifton Collins Jr.,The Rules of Attraction
Clifton Collins Jr.,The Twilight Zone
Clifton Collins Jr.,Road Dogz
Clifton Collins Jr.,The Shield
Anthony Hopkins,Locked
Anthony Hopkins,Freud's Last Session
Anthony Hopkins,One Life
Anthony Hopkins,Cus & Mike
Anthony Hopkins,Rebel Moon
Anthony Hopkins,Hannibal Hopkins & Sir Anthony
Anthony Hopkins,Peter O'Toole: Along the Sky Road to Aqaba
Anthony Hopkins,The Son
Anthony Hopkins,Armageddon Time
Anthony Hopkins,Where Are You
Anthony Hopkins,Zero Contact
Anthony Hopkins,Loki
Anthony Hopkins,The Virtuoso
Anthony Hopkins,The Father
Anthony Hopkins,Elyse
Anthony Hopkins,Mythic Quest
Clifton Collins Jr.,American Girl
Clifton Collins Jr.,The Last Castle
Clifton Collins Jr.,Alias
Clifton Collins Jr.,Tigerland
Clifton Collins Jr.,Price of Glory
Clifton Collins Jr.,Traffic
Clifton Collins Jr.,Light It Up
Clifton Collins Jr.,My Sweet Killer
Clifton Collins Jr.,The Defenders: Taking the First
Clifton Collins Jr.,The Replacement Killers
Clifton Collins Jr.,The Wonderful Ice Cream Suit
Clifton Collins Jr.,One Eight Seven
Clifton Collins Jr.,Crisis Center
Clifton Collins Jr.,One Man's Justice
Clifton Collins Jr.,Dead Presidents
Clifton Collins Jr.,Witch Hunt
Clifton Collins Jr.,The Stöned Age
Clifton Collins Jr.,ER
Clifton Collins Jr.,Diagnosis: Murder
Clifton Collins Jr.,Acapulco H.E.A.T.
Anthony Hopkins,The Two Popes
Anthony Hopkins,Now Is Everything
Anthony Hopkins,"Love, Antosha"
Anthony Hopkins,King Lear
Anthony Hopkins,Nothing Like a Dame
Anthony Hopkins,Thor: Ragnarok
Anthony Hopkins,Spielberg
Anthony Hopkins,Transformers: The Last Knight
Anthony Hopkins,Westworld
Anthony Hopkins,Collide
Anthony Hopkins,Misconduct
Anthony Hopkins,The Dresser
Anthony Hopkins,Blackway
Anthony Hopkins,The Late Show with Stephen Colbert
Anthony Hopkins,Solace
Clifton Collins Jr.,Menace II Society
Clifton Collins Jr.,"Walker, Texas Ranger"
Clifton Collins Jr.,Sworn to Vengeance
Clifton Collins Jr.,Fortress
Clifton Collins Jr.,"For Richer, for Poorer"
Clifton Collins Jr.,Grand Canyon
Clifton Collins Jr.,Jake and the Fatman
Clifton Collins Jr.,National Lampoon's TV: The Movie
Clifton Collins Jr.,Rampage: The Hillside Strangler Murders
Anthony Hopkins,Kidnapping Mr. Heineken
Anthony Hopkins,Richard Attenborough: A Life in Film
Anthony Hopkins,Noah
Anthony Hopkins,And the Oscar Goes To...
Anthony Hopkins,Thor: The Dark World
Anthony Hopkins,Hello: A Portrait Of Leslie Phillips
Anthony Hopkins,RED 2
Anthony Hopkins,Hitchcock
Anthony Hopkins,360
Anthony Hopkins,Thor: Assembling the Troupe
Anthony Hopkins,Thor: From Asgard to Earth
Anthony Hopkins,Thor
Anthony Hopkins,The Rite
Anthony Hopkins,Inside Story - The Silence of the Lambs
Anthony Hopkins,You Will Meet a Tall Dark Stranger
Anthony Hopkins,The Wolfman
Anthony Hopkins,Bare Knuckles
Anthony Hopkins,The City of Your Final Destination
Anthony Hopkins,Beowulf
Anthony Hopkins,The Blood Is the Life: The Making of 'Bram Stoker's Dracula'
Anthony Hopkins,Tony Bennett: The Music Never Ends
Anthony Hopkins,Fracture
Anthony Hopkins,Slipstream
Anthony Hopkins,All the King's Men
Anthony Hopkins,Bobby
Anthony Hopkins,A Tribute To Ismail Merchant
Anthony Hopkins,The World's Fastest Indian
Anthony Hopkins,Proof
Anthony Hopkins,The True Story of Hannibal
Anthony Hopkins,Alexander
Anthony Hopkins,The Human Stain
Anthony Hopkins,The Ellen DeGeneres Show
Anthony Hopkins,Shortcut to Happiness
Anthony Hopkins,Celebrities Uncensored
Anthony Hopkins,Red Dragon
Anthony Hopkins,Bad Company
Anthony Hopkins,Love & Loyalty: The Making of 'The Remains of the Day'
Anthony Hopkins,Hearts in Atlantis
Anthony Hopkins,Breaking the Silence: The Making of Hannibal
Anthony Hopkins,Hannibal
Anthony Hopkins,The Remains of the Day: The Filmmaker's Journey
Anthony Hopkins,"Blind Loyalty, Hollow Honor: England's Fatal Flaw"
Anthony Hopkins,Inside the Labyrinth: The Making of 'The Silence of the Lambs'
Anthony Hopkins,How the Grinch Stole Christmas
Anthony Hopkins,Mission: Impossible II
Anthony Hopkins,Titus
Anthony Hopkins,Siegfried & Roy: The Magic Box
Anthony Hopkins,Instinct
Anthony Hopkins,Meet Joe Black
Anthony Hopkins,The Mask of Zorro
Anthony Hopkins,Amistad
Anthony Hopkins,The Edge
Anthony Hopkins,Predators Killing for a Living
Anthony Hopkins,The View
Anthony Hopkins,The Lost Children of Berlin
Anthony Hopkins,Surviving Picasso
Anthony Hopkins,August
Anthony Hopkins,The Daily Show with Trevor Noah
Anthony Hopkins,Shirley Maclaine: Kicking Up Her Heels
Simon Quarterman,Violet
Simon Quarterman,Separation
Simon Quarterman,Negative
Simon Quarterman,Westworld
Simon Quarterman,Estranged
Simon Quarterman,Stitchers
Simon Quarterman,Wer
Anthony Hopkins,Nixon
Anthony Hopkins,Screen Actors Guild Awards
Anthony Hopkins,Legends of the Fall
Anthony Hopkins,The Road to Wellville
Anthony Hopkins,Baseball
Anthony Hopkins,Marlon Brando: The Wild One
Anthony Hopkins,Inside the Actors Studio
Simon Quarterman,The Devil Inside
Simon Quarterman,The Scorpion King 2: Rise of a Warrior
Simon Quarterman,Murder Rooms: Mysteries of the Real Sherlock Holmes
Simon Quarterman,Lorna Doone
Anthony Hopkins,A Century of Cinema
Anthony Hopkins,Shadowlands
Anthony Hopkins,The Remains of the Day
Anthony Hopkins,The Innocent
Anthony Hopkins,Late Night with Conan O'Brien
Anthony Hopkins,The Trial
Anthony Hopkins,Chaplin
Anthony Hopkins,Bram Stoker's Dracula
Anthony Hopkins,Spotswood
Anthony Hopkins,Earth and the American Dream
Anthony Hopkins,To Be the Best
Anthony Hopkins,The Tonight Show with Jay Leno
Anthony Hopkins,Howards End
Anthony Hopkins,Freejack
Anthony Hopkins,Blood Lines: Dracula - The Man. The Myth. The Movies.
Anthony Hopkins,The Making of 'The Silence of the Lambs'
Anthony Hopkins,Great Expectations
Anthony Hopkins,One Man’s War
Anthony Hopkins,The Silence of the Lambs
Anthony Hopkins,Desperate Hours
Anthony Hopkins,A Chorus of Disapproval
Anthony Hopkins,Heartland
Anthony Hopkins,The Tenth Man
Anthony Hopkins,LIVE with Kelly and Ryan
Anthony Hopkins,The Dawning
Anthony Hopkins,Across the Lake
Anthony Hopkins,84 Charing Cross Road
Anthony Hopkins,Blunt
Anthony Hopkins,The Good Father
Anthony Hopkins,Mussolini: The Decline and Fall of Il Duce
Anthony Hopkins,Arch of Triumph
Anthony Hopkins,Mussolini and I
Anthony Hopkins,Hollywood Wives
Anthony Hopkins,A Woman of Substance
Anthony Hopkins,Guilty Conscience
Anthony Hopkins,The Bounty
Anthony Hopkins,Six Centuries of Verse
Anthony Hopkins,Natural World
Anthony Hopkins,Harty
Anthony Hopkins,A Married Man
Anthony Hopkins,Little Eyolf
Anthony Hopkins,The Hunchback of Notre Dame
Anthony Hopkins,Othello
Anthony Hopkins,The Bunker
Anthony Hopkins,Peter and Paul
Anthony Hopkins,The Bunker
Anthony Hopkins,A Change of Seasons
Anthony Hopkins,The Elephant Man
Anthony Hopkins,Mayflower: The Pilgrims' Adventure
Anthony Hopkins,BBC Television Shakespeare
Anthony Hopkins,Magic
Anthony Hopkins,International Velvet
Anthony Hopkins,A Bridge Too Far
Anthony Hopkins,Audrey Rose
Anthony Hopkins,Victory at Entebbe
Anthony Hopkins,The Lindbergh Kidnapping Case
Anthony Hopkins,Dark Victory
Anthony Hopkins,All Creatures Great and Small
Anthony Hopkins,E! People's Choice Awards
Anthony Hopkins,The Girl from Petrovka
Anthony Hopkins,Juggernaut
Anthony Hopkins,The Arcata Promise
Anthony Hopkins,The Childhood Friend
Anthony Hopkins,QB VII
Anthony Hopkins,Black and Blue
Anthony Hopkins,A Doll's House
Anthony Hopkins,The Edwardians
Anthony Hopkins,War and Peace
Anthony Hopkins,Young Winston
Anthony Hopkins,The Man Outside
Anthony Hopkins,When Eight Bells Toll
Anthony Hopkins,Hearts and Flowers
Anthony Hopkins,Uncle Vanya
Anthony Hopkins,Play for Today
Anthony Hopkins,The Three Sisters
Anthony Hopkins,Hamlet
Anthony Hopkins,Department S
Anthony Hopkins,The Looking Glass War
Anthony Hopkins,The Lion in Winter
Anthony Hopkins,The Dick Cavett Show
Anthony Hopkins,The White Bus
Anthony Hopkins,Play of the Month
Anthony Hopkins,Tony Awards
Anthony Hopkins,The Oscars
Anthony Hopkins,Today
Anthony Hopkins,Hallmark Hall of Fame
Anthony Hopkins,Elyse
Anthony Hopkins,Mary and the Seven Dwarfs
Anthony Hopkins,Slipstream
Anthony Hopkins,Elyse
Anthony Hopkins,Blackway
Anthony Hopkins,Bobby
Anthony Hopkins,Slipstream
Anthony Hopkins,Return Journey
Anthony Hopkins,August
Anthony Hopkins,Slipstream
Rodrigo Santoro,Wolf Pack
Rodrigo Santoro,Boundless
Rodrigo Santoro,7 Prisoners
Rodrigo Santoro,Last Call
Rodrigo Santoro,Latin America from Above
Rodrigo Santoro,Candango: Memoirs from a Festival
Rodrigo Santoro,Project Power
Rodrigo Santoro,Sandy & Junior: A História
Rodrigo Santoro,Reprisal
Rodrigo Santoro,A Little Late with Lilly Singh
Rodrigo Santoro,Monica and Friends: Bonds
Rodrigo Santoro,A Translator
Rodrigo Santoro,"Com a Palavra, Arnaldo Antunes"
Rodrigo Santoro,Conversa com Bial
Rodrigo Santoro,Lady Night
Rodrigo Santoro,Brazilian Cinema in the 20th Century
Rodrigo Santoro,Westworld
Rodrigo Santoro,Ben-Hur
Rodrigo Santoro,Pelé: Birth of a Legend
Rodrigo Santoro,Velho Chico
Rodrigo Santoro,Jane Got a Gun
Rodrigo Santoro,The 33
Rodrigo Santoro,Focus
Rodrigo Santoro,"Rio, I Love You"
Rodrigo Santoro,Who Cares ?
Rodrigo Santoro,Rio 2
Rodrigo Santoro,300: Rise of an Empire
Rodrigo Santoro,The Frame
Rodrigo Santoro,Rio 2096: A Story of Love and Fury
Rodrigo Santoro,The Last Stand
Rodrigo Santoro,Hemingway & Gellhorn
Rodrigo Santoro,What to Expect When You're Expecting
Rodrigo Santoro,Kings & Rats
Rodrigo Santoro,Homens de Bem
Rodrigo Santoro,My Country
Rodrigo Santoro,Heleno
Rodrigo Santoro,Rio
Rodrigo Santoro,There Be Dragons
Rodrigo Santoro,Post Grad
Rodrigo Santoro,I Love You Phillip Morris
Rodrigo Santoro,Che: Part Two
Rodrigo Santoro,Che: Part One
Rodrigo Santoro,Slightly Out of Tune
Rodrigo Santoro,Leonera
Rodrigo Santoro,Redbelt
Rodrigo Santoro,Crítico
Rodrigo Santoro,Not by Chance
Rodrigo Santoro,300
Rodrigo Santoro,Today Is Maria's Day: The Movie
Rodrigo Santoro,Hoje é Dia de Maria
Rodrigo Santoro,This Girl's Life
Rodrigo Santoro,Owner of the Story
Rodrigo Santoro,Lost
Rodrigo Santoro,Love Actually
Rodrigo Santoro,Charlie's Angels: Full Throttle
Rodrigo Santoro,The Roman Spring of Mrs. Stone
Rodrigo Santoro,Carandiru
Rodrigo Santoro,Mulheres Apaixonadas
Rodrigo Santoro,Night Shepherds
Rodrigo Santoro,Behind the Sun
Rodrigo Santoro,Brainstorm
Rodrigo Santoro,Os Normais
Rodrigo Santoro,Estrela-Guia
Rodrigo Santoro,O Trapalhão e a Luz Azul
Rodrigo Santoro,Suave Veneno
Rodrigo Santoro,O Belo e as Feras
Rodrigo Santoro,Hilda Furacão
Rodrigo Santoro,Woman
Rodrigo Santoro,Como Ser Solteiro
Rodrigo Santoro,O Amor Está no Ar
Rodrigo Santoro,Sai de Baixo
Rodrigo Santoro,Explode Coração
Rodrigo Santoro,A Comédia da Vida Privada
Rodrigo Santoro,Pátria Minha
Rodrigo Santoro,Olho no Olho
Rodrigo Santoro,Heleno
Angela Sarafyan,Pet Shop Boys
Angela Sarafyan,Hail Mary
Angela Sarafyan,I Am Victor
Angela Sarafyan,Power Signal
Angela Sarafyan,Run & Gun
Angela Sarafyan,Where Are You
Angela Sarafyan,King Knight
Angela Sarafyan,A House on the Bayou
Angela Sarafyan,Reminiscence
Angela Sarafyan,Caged
Angela Sarafyan,A Nasty Piece of Work
Angela Sarafyan,"Extremely Wicked, Shockingly Evil and Vile"
Angela Sarafyan,We Are Boats
Angela Sarafyan,Pin-Up
Angela Sarafyan,The Promise
Angela Sarafyan,Westworld
Angela Sarafyan,Me Him Her
Angela Sarafyan,Mercury Plains
Angela Sarafyan,Blackbird
Angela Sarafyan,Me You and Five Bucks
Angela Sarafyan,1915
Angela Sarafyan,Never
Angela Sarafyan,The Immigrant
Angela Sarafyan,Paranoia
Angela Sarafyan,Noise Matters
Angela Sarafyan,Vampire Riderz
Angela Sarafyan,Lost and Found in Armenia
Angela Sarafyan,The Twilight Saga: Breaking Dawn - Part 2
Angela Sarafyan,Sex Ed
Angela Sarafyan,A Good Old Fashioned Orgy
Angela Sarafyan,American Animal
Angela Sarafyan,Blue Bloods
Angela Sarafyan,Nikita
Angela Sarafyan,Velvet
Angela Sarafyan,Love Hurts
Angela Sarafyan,A Beautiful Life
Angela Sarafyan,Eastwick
Angela Sarafyan,Repo Chick
Angela Sarafyan,Fault Line
Angela Sarafyan,Hot Sluts
Angela Sarafyan,Foolishly Seeking True Love
Angela Sarafyan,The Informers
Angela Sarafyan,The Mentalist
Angela Sarafyan,In Plain Sight
Angela Sarafyan,On the Doll
Angela Sarafyan,Kabluey
Angela Sarafyan,Lincoln Heights
Angela Sarafyan,South of Nowhere
Angela Sarafyan,Criminal Minds
Angela Sarafyan,Wanted
Angela Sarafyan,CSI: NY
Angela Sarafyan,The Last Run
Angela Sarafyan,Cold Case
Angela Sarafyan,The Shield
Angela Sarafyan,24
Angela Sarafyan,Law & Order: Special Victims Unit
Angela Sarafyan,Judging Amy
Angela Sarafyan,Buffy the Vampire Slayer
James Marsden,Unfrosted: The Pop-Tart Story
James Marsden,Knox Goes Away
James Marsden,Sonic the Hedgehog 3
James Marsden,PAW Patrol: The Mighty Movie
James Marsden,Disenchanted
James Marsden,Sonic the Hedgehog 2
James Marsden,My Little Pony: A New Generation
James Marsden,The Boss Baby: Family Business
James Marsden,The Stand
James Marsden,Born of a Dream
James Marsden,30 Rock: A One-Time Special
James Marsden,Mrs. America
James Marsden,Sonic the Hedgehog
James Marsden,Green Eggs and Ham
James Marsden,Dead to Me
James Marsden,Henchmen
James Marsden,Shock and Awe
James Marsden,Carpool Karaoke: The Series
James Marsden,Tour de Pharmacy
James Marsden,The Female Brain
James Marsden,Westworld
James Marsden,The Late Show with Stephen Colbert
James Marsden,The D Train
James Marsden,Welcome to Me
James Marsden,StarTalk with Neil deGrasse Tyson
James Marsden,The Late Late Show with James Corden
James Marsden,Unfinished Business
James Marsden,Into the Grizzly Maze
James Marsden,Accidental Love
James Marsden,The Best of Me
James Marsden,The Loft
James Marsden,Running Wild with Bear Grylls
James Marsden,X-Men: Days of Future Past
James Marsden,Walk of Shame
James Marsden,The Tonight Show Starring Jimmy Fallon
James Marsden,Anchorman 2: The Legend Continues
James Marsden,Wander Over Yonder
James Marsden,The Butler
James Marsden,2 Guns
James Marsden,As Cool as I Am
James Marsden,Robot & Frank
James Marsden,Comedy Bang! Bang!
James Marsden,Small Apartments
James Marsden,Bachelorette
James Marsden,Vietnam in HD
James Marsden,Straw Dogs
James Marsden,Hop
James Marsden,Cats & Dogs: The Revenge of Kitty Galore
James Marsden,Death at a Funeral
James Marsden,Modern Family
James Marsden,The Box
James Marsden,Sex Drive
James Marsden,Pip's Predicament: A Pop-Up Adventure
James Marsden,27 Dresses
James Marsden,Enchanted
James Marsden,Hairspray
James Marsden,Requiem for Krypton: Making 'Superman Returns'
James Marsden,30 Rock
James Marsden,X-Men: The Last Stand - Production Diaries
James Marsden,X-Men: Evolution of a Trilogy
James Marsden,Superman Returns
James Marsden,X-Men: The Last Stand
James Marsden,10th & Wolf
James Marsden,The Alibi
James Marsden,Heights
James Marsden,The Late Late Show with Craig Ferguson
James Marsden,The Notebook
James Marsden,The 24th Day
James Marsden,The Second Uncanny Issue of X-Men: Making X2
James Marsden,X2 Global Webcast Highlights
James Marsden,X2
James Marsden,X-Factor: The Look of X-Men
James Marsden,X-Men: Premieres Around the World
James Marsden,X-Men: The Uncanny Suspects
James Marsden,Top Gear
James Marsden,Interstate 60
James Marsden,Once Upon a Time: The Super Heroes
James Marsden,Zoolander
James Marsden,Sugar & Spice
James Marsden,X-Men
James Marsden,Gossip
James Marsden,The Late Late Show with Craig Kilborn
James Marsden,Disturbing Behavior
James Marsden,Bella Mafia
James Marsden,Ally McBeal
James Marsden,The View
James Marsden,Campfire Tales
James Marsden,On the Edge of Innocence
James Marsden,Gone in a Heartbeat
James Marsden,Public Enemies
James Marsden,Second Noah
James Marsden,Critics' Choice Movie Awards
James Marsden,Touched by an Angel
James Marsden,Boogies Diner
James Marsden,Party of Five
James Marsden,"No Dessert, Dad, Till You Mow the Lawn"
James Marsden,Search and Rescue
James Marsden,The Nanny
James Marsden,Saved by the Bell: The New Class
James Marsden,In the Line of Duty: Ambush in Waco
James Marsden,LIVE with Kelly and Ryan
James Marsden,Once Upon a Time… in Hollywood
Luke Hemsworth,Bad Hombres
Luke Hemsworth,Land of Bad
Luke Hemsworth,Marvel Studios Assembled: The Making of Thor: Love and Thunder
Luke Hemsworth,Bosch & Rockit
Luke Hemsworth,Thor: Love and Thunder
Luke Hemsworth,Asking For It
Luke Hemsworth,The Very Excellent Mr. Dundee
Luke Hemsworth,Death of Me
Luke Hemsworth,Crypto
Luke Hemsworth,We Are Boats
Luke Hemsworth,Encounter
Luke Hemsworth,River Runs Red
Luke Hemsworth,Thor: Ragnarok
Luke Hemsworth,Hickok
Luke Hemsworth,Westworld
Luke Hemsworth,Science Fiction Volume One: The Osiris Child
Luke Hemsworth,Infini
Luke Hemsworth,Kill Me Three Times
Luke Hemsworth,The Reckoning
Luke Hemsworth,The Anomaly
Luke Hemsworth,Bikie Wars: Brothers in Arms
Luke Hemsworth,Tangle
Luke Hemsworth,Carla Cametti PD
Luke Hemsworth,Satisfaction
Luke Hemsworth,The Saddle Club
Luke Hemsworth,The View
Tessa Thompson,Creed IV
Tessa Thompson,Ash
Tessa Thompson,Creed III
Tessa Thompson,The Listener
Tessa Thompson,Marvel Studios Assembled: The Making of Thor: Love and Thunder
Tessa Thompson,Thor: Love and Thunder
Tessa Thompson,Civilization Express - The Great Feast of Movies
Tessa Thompson,Soul of a Nation Presents: Screen Queens Rising
Tessa Thompson,Passing
Tessa Thompson,Loki
Tessa Thompson,Sylvie's Love
Tessa Thompson,Shadow Stalker
Tessa Thompson,Lady and the Tramp
Tessa Thompson,Between Two Ferns: The Movie
Tessa Thompson,Men in Black: International
Tessa Thompson,Avengers: Endgame
Tessa Thompson,Little Woods
Tessa Thompson,Creed II
Tessa Thompson,Sorry to Bother You
Tessa Thompson,The Making of Annihilation
Tessa Thompson,Dirty Computer
Tessa Thompson,Furlough
Tessa Thompson,Annihilation
Tessa Thompson,Thor: Ragnarok
Tessa Thompson,Dear White People
Tessa Thompson,South Dakota
Tessa Thompson,100 Years
Tessa Thompson,War on Everyone
Tessa Thompson,Westworld
Tessa Thompson,Salt Water
Tessa Thompson,Creed
Tessa Thompson,The Grand Romantic
Tessa Thompson,The Late Late Show with James Corden
Tessa Thompson,Hot Ones
Tessa Thompson,Selma
Tessa Thompson,Dear White People
Tessa Thompson,BoJack Horseman
Tessa Thompson,Points of Origin
Tessa Thompson,Grantham and Rose
Tessa Thompson,Automotive
Tessa Thompson,Murder on the 13th Floor
Tessa Thompson,Everyday Black Man
Tessa Thompson,Portlandia
Tessa Thompson,For Colored Girls
Tessa Thompson,Exquisite Corpse
Tessa Thompson,Three Rivers
Tessa Thompson,Mental
Tessa Thompson,Mississippi Damned
Tessa Thompson,The Human Contract
Tessa Thompson,Make It Happen
Tessa Thompson,Life
Tessa Thompson,Private Practice
Tessa Thompson,Hidden Palms
Tessa Thompson,The Graham Norton Show
Tessa Thompson,Heroes
Tessa Thompson,When a Stranger Calls
Tessa Thompson,The Initiation of Sarah
Tessa Thompson,Grey's Anatomy
Tessa Thompson,The Late Late Show with Craig Ferguson
Tessa Thompson,Veronica Mars
Tessa Thompson,Cold Case
Tessa Thompson,The Daily Show with Trevor Noah
Tessa Thompson,The Listener
Tessa Thompson,Sylvie's Love
Tessa Thompson,Little Woods
Jeffrey Wright,ARK: The Animated Series
Jeffrey Wright,Rustin
Jeffrey Wright,Erasure
Jeffrey Wright,Asteroid City
Jeffrey Wright,Atrabilious
Jeffrey Wright,The Batman
Jeffrey Wright,Frederick Douglass: In Five Speeches
Jeffrey Wright,Lincoln's Dilemma
Jeffrey Wright,Marvel Studios' 2021 Disney+ Day Special
Jeffrey Wright,The French Dispatch
Jeffrey Wright,No Time to Die
Jeffrey Wright,Being James Bond
Jeffrey Wright,What If...?
Jeffrey Wright,Monster
Jeffrey Wright,Marvel Studios Assembled
Jeffrey Wright,American Pathogen
Jeffrey Wright,The Oedipus Project
Jeffrey Wright,All Day and a Night
Jeffrey Wright,Marvel Studios: Expanding the Universe
Jeffrey Wright,Green Eggs and Ham
Jeffrey Wright,The Laundromat
Jeffrey Wright,The Goldfinch
Jeffrey Wright,Wolves in the Walls: It's All Over
Jeffrey Wright,The Public
Jeffrey Wright,We Are Not Done Yet
Jeffrey Wright,Rigged: The Voter Suppression Playbook
Jeffrey Wright,Moynihan
Jeffrey Wright,Hold the Dark
Jeffrey Wright,Age Out
Jeffrey Wright,O.G.
Jeffrey Wright,Game Night
Jeffrey Wright,Julian Schnabel: A Private Portrait
Jeffrey Wright,Unseen Enemy
Jeffrey Wright,Westworld
Jeffrey Wright,Confirmation
Jeffrey Wright,The Hunger Games: Mockingjay - Part 2
Jeffrey Wright,The Good Dinosaur
Jeffrey Wright,The Gospel According to Mac
Jeffrey Wright,The Late Show with Stephen Colbert
Jeffrey Wright,Close Up with The Hollywood Reporter
Jeffrey Wright,The Mockingjay Lives: The Making of the Hunger Games: Mockingjay Part 1
Jeffrey Wright,Mass Extinction: Life at the Brink
Jeffrey Wright,The Hunger Games: Mockingjay - Part 1
Jeffrey Wright,BoJack Horseman
Jeffrey Wright,Only Lovers Left Alive
Jeffrey Wright,Rick and Morty
Jeffrey Wright,The Hunger Games: Catching Fire
Jeffrey Wright,The Inevitable Defeat of Mister & Pete
Jeffrey Wright,A Single Shot
Jeffrey Wright,Broken City
Jeffrey Wright,Bond on Location
Jeffrey Wright,Finding Your Roots
Jeffrey Wright,Extremely Loud & Incredibly Close
Jeffrey Wright,The Ides of March
Jeffrey Wright,A Child's Garden of Poetry
Jeffrey Wright,Source Code
Jeffrey Wright,Boardwalk Empire
Jeffrey Wright,Cadillac Records
Jeffrey Wright,Quantum of Solace
Jeffrey Wright,W.
Jeffrey Wright,Blackout
Jeffrey Wright,The Invasion
Jeffrey Wright,New Orleans
Jeffrey Wright,Chicago 10
Jeffrey Wright,Blood Diamonds
Jeffrey Wright,Casino Royale
Jeffrey Wright,Becoming Bond
Jeffrey Wright,Lady in the Water
Jeffrey Wright,Wrestling with Angels: Playwright Tony Kushner
Jeffrey Wright,Syriana
Jeffrey Wright,Broken Flowers
Jeffrey Wright,Lackawanna Blues
Jeffrey Wright,The True Story of Hannibal
Jeffrey Wright,House
Jeffrey Wright,Unforgivable Blackness: The Rise and Fall of Jack Johnson
Jeffrey Wright,The Manchurian Candidate
Jeffrey Wright,With All Deliberate Speed
Jeffrey Wright,Angels in America
Jeffrey Wright,Sam Cooke: Legend
Jeffrey Wright,The Topdog Diaries
Jeffrey Wright,D-Tox
Jeffrey Wright,Ali
Jeffrey Wright,Boycott
Jeffrey Wright,Crime + Punishment in Suburbia
Jeffrey Wright,Shaft
Jeffrey Wright,Hamlet
Jeffrey Wright,Cement
Jeffrey Wright,Ride with the Devil
Jeffrey Wright,The Adventures of Young Indiana Jones: Scandal of 1920
Jeffrey Wright,Celebrity
Jeffrey Wright,Too Tired to Die
Jeffrey Wright,Critical Care
Jeffrey Wright,Basquiat
Jeffrey Wright,Faithful
Jeffrey Wright,New York Undercover
Jeffrey Wright,In the Wings: Angels in America On Broadway
Jeffrey Wright,The Adventures of Young Indiana Jones: Mystery of the Blues
Jeffrey Wright,Homicide: Life on the Street
Jeffrey Wright,The Young Indiana Jones Chronicles
Jeffrey Wright,Jumpin' at the Boneyard
Jeffrey Wright,Presumed Innocent
Jeffrey Wright,American Experience
Jeffrey Wright,LIVE with Kelly and Ryan
Jeffrey Wright,We Are Not Done Yet
Ed Harris,Love Lies Bleeding
Ed Harris,Planes: Back to School
Ed Harris,Downtown Owl
Ed Harris,Get Away If You Can
Ed Harris,Top Gun: Maverick
Ed Harris,The Lost Daughter
Ed Harris,Impractical Jokers: Dinner Party
Ed Harris,Resistance
Ed Harris,The Last Full Measure
Ed Harris,"The Bush Years: Family, Duty, Power"
Ed Harris,A Crooked Somebody
Ed Harris,Geostorm
Ed Harris,mother!
Ed Harris,Kodachrome
Ed Harris,Buried Child
Ed Harris,Rules Don't Apply
Ed Harris,In Dubious Battle
Ed Harris,Westworld
Ed Harris,The American West
Ed Harris,The Adderall Diaries
Ed Harris,"Return to the Philippines, the Leon Cooper Story"
Ed Harris,Run All Night
Ed Harris,Cymbeline
Ed Harris,Frontera
Ed Harris,Planes: Fire & Rescue
Ed Harris,Collision Point: The Race to Clean Up Space
Ed Harris,The Face of Love
Ed Harris,Sweetwater
Ed Harris,Gravity
Ed Harris,Snowpiercer
Ed Harris,Pain & Gain
Ed Harris,Phantom
Ed Harris,Game Change
Ed Harris,Man on a Ledge
Ed Harris,Rising: Rebuilding Ground Zero
Ed Harris,Salvation Boulevard
Ed Harris,That's What I Am
Ed Harris,The Way Back
Ed Harris,Once Fallen
Ed Harris,Virginia
Ed Harris,Appaloosa
Ed Harris,Touching Home
Ed Harris,Dispatches from Nicaragua
Ed Harris,National Treasure: Book of Secrets
Ed Harris,Just Desserts: The Making of 'Creepshow'
Ed Harris,Cleaner
Ed Harris,Gone Baby Gone
Ed Harris,America’s Game: 1973 Dolphins | Super Bowl VIII
Ed Harris,Copying Beethoven
Ed Harris,The Armenian Genocide
Ed Harris,Winter Passing
Ed Harris,Two Tickets to Paradise
Ed Harris,A History of Violence
Ed Harris,Empire Falls
Ed Harris,Unforgivable Blackness: The Rise and Fall of Jack Johnson
Ed Harris,The Human Stain
Ed Harris,Radio
Ed Harris,Volcanoes of the Deep Sea
Ed Harris,Masked and Anonymous
Ed Harris,The Hours
Ed Harris,Buffalo Soldiers
Ed Harris,Just a Dream
Ed Harris,A Beautiful Mind
Ed Harris,Enemy at the Gates
Ed Harris,Pollock
Ed Harris,Waking the Dead
Ed Harris,The Prime Gig
Ed Harris,The Early Show
Ed Harris,The Third Miracle
Ed Harris,Jackson Pollock: Love and Death on Long Island
Ed Harris,Stepmom
Ed Harris,Intimate Portrait: Sean Connery
Ed Harris,The Truman Show
Ed Harris,TruTalk
Ed Harris,The View
Ed Harris,Big Guns Talk: The Story of the Western
Ed Harris,Absolute Power
Ed Harris,The Wild Bunch: An Album in Montage
Ed Harris,The Daily Show with Trevor Noah
Ed Harris,The Rock
Ed Harris,Needful Things
Ed Harris,Riders of the Purple Sage
Ed Harris,Eye for an Eye
Ed Harris,Lost Moon: The Triumph of Apollo 13
Ed Harris,Nixon
Ed Harris,Apollo 13
Ed Harris,Just Cause
Ed Harris,Baseball
Ed Harris,Milk Money
Ed Harris,Inside the Actors Studio
Ed Harris,The Stand
Ed Harris,China Moon
Ed Harris,Frasier
Ed Harris,Under Pressure: Making 'The Abyss'
Ed Harris,Needful Things
Ed Harris,The Firm
Ed Harris,Running Mates
Ed Harris,Glengarry Glen Ross
Ed Harris,The Tonight Show with Jay Leno
Ed Harris,Paris Trout
Ed Harris,State of Grace
Ed Harris,The Abyss
Ed Harris,Jacknife
Ed Harris,To Kill a Priest
Ed Harris,Walker
Ed Harris,The Last Innocent Man
Ed Harris,Sweet Dreams
Ed Harris,Code Name: Emerald
Ed Harris,Alamo Bay
Ed Harris,Places in the Heart
Ed Harris,A Flash of Green
Ed Harris,Swing Shift
Ed Harris,Under Fire
Ed Harris,The Right Stuff
Ed Harris,Creepshow
Ed Harris,Cassie & Co.
Ed Harris,Dream on!
Thandiwe Newton,Chicken Run: Dawn of the Nugget
Thandiwe Newton,God's Country
Thandiwe Newton,All the Old Knives
Thandiwe Newton,Human Resources
Thandiwe Newton,Reminiscence
Thandiwe Newton,Nations United: Urgent Solutions for Urgent Times
Thandiwe Newton,The Death & Life of John F. Donovan
Ed Harris,Knightriders
Ed Harris,Borderline
Ed Harris,The Aliens Are Coming
Ed Harris,The Seekers
Ed Harris,Paris
Ed Harris,Hart to Hart
Ed Harris,David Cassidy: Man Under Cover
Ed Harris,Coma
Ed Harris,Lou Grant
Ed Harris,CHiPs
Ed Harris,Gibbsville
Ed Harris,Delvecchio
Ingrid Bolsø Berdal,The Seed
Ingrid Bolsø Berdal,Enter Los Angeles Outer Space
Ingrid Bolsø Berdal,Blasted
Ingrid Bolsø Berdal,"Munch: Love, Ghosts and Lady Vampires"
Ingrid Bolsø Berdal,Everybody Hates Johan
Ingrid Bolsø Berdal,Gritt
Ingrid Bolsø Berdal,Stardust
Ingrid Bolsø Berdal,Witch Hunt
Ingrid Bolsø Berdal,The Spy
Ingrid Bolsø Berdal,The Bear
Thandiwe Newton,Women Make Film: A New Road Movie Through Cinema
Thandiwe Newton,The Big Narstie Show
Thandiwe Newton,Solo: A Star Wars Story
Thandiwe Newton,Gringo
Thandiwe Newton,Big Mouth
Thandiwe Newton,Bill Cosby: Fall of an American Icon
Thandiwe Newton,Westworld
Thandiwe Newton,The Late Show with Stephen Colbert
Thandiwe Newton,Close Up with The Hollywood Reporter
Thandiwe Newton,The Slap
Thandiwe Newton,The Tonight Show Starring Jimmy Fallon
Thandiwe Newton,Off Camera with Sam Jones
Thandiwe Newton,Half of a Yellow Sun
Thandiwe Newton,Rogue
Thandiwe Newton,Line of Duty
Thandiwe Newton,Good Deeds
Thandiwe Newton,Retreat
Thandiwe Newton,The Prophet
Ed Harris,The Rockford Files
Ed Harris,Great Performances
Ed Harris,The Oscars
Ed Harris,The Ploughmen
Ed Harris,"The Bush Years: Family, Duty, Power"
Ed Harris,Appaloosa
Ed Harris,Pollock
Ed Harris,Riders of the Purple Sage
Ed Harris,The Ploughmen
Ed Harris,Appaloosa
Ed Harris,Pollock
Ed Harris,The Ploughmen
Ed Harris,Appaloosa
Ingrid Bolsø Berdal,Forget About Nick
Ingrid Bolsø Berdal,Westworld
Ingrid Bolsø Berdal,The Absence of Eddy Table
Ingrid Bolsø Berdal,Women in Oversized Men's Shirts
Ingrid Bolsø Berdal,Hercules
Ingrid Bolsø Berdal,Kill Buljo 2
Ingrid Bolsø Berdal,Mormor og de åtte ungene
Ingrid Bolsø Berdal,The ABCs of Death
Ingrid Bolsø Berdal,Hansel & Gretel: Witch Hunters
Ingrid Bolsø Berdal,Hellfjord
Ingrid Bolsø Berdal,Escape
Ingrid Bolsø Berdal,Wide Blue Yonder
Ingrid Bolsø Berdal,Chernobyl Diaries
Ingrid Bolsø Berdal,I kveld med Ylvis
Ingrid Bolsø Berdal,I Travel Alone
Ingrid Bolsø Berdal,Going Postal
Ingrid Bolsø Berdal,Going Postal
Ingrid Bolsø Berdal,Betrayal
Ingrid Bolsø Berdal,Cold Prey II
Ingrid Bolsø Berdal,House of Fools
Thandiwe Newton,For Colored Girls
Thandiwe Newton,Vanishing on 7th Street
Thandiwe Newton,Huge
Thandiwe Newton,The End of the World: The Actor's Perspective
Thandiwe Newton,2012: Roland Emmerich - Master of the Modern Epic
Thandiwe Newton,2012
Thandiwe Newton,RuPaul's Drag Race
Thandiwe Newton,W.
Thandiwe Newton,How to Lose Friends & Alienate People
Thandiwe Newton,RocknRolla
Thandiwe Newton,"Run, Fatboy, Run"
Thandiwe Newton,Father and Son: On Screen and Off
Thandiwe Newton,Making Pursuit: An Italian Take on the American Dream
Thandiwe Newton,The Graham Norton Show
Thandiwe Newton,Norbit
Thandiwe Newton,The Pursuit of Happyness
Thandiwe Newton,The Interrogation of Leo and Lisa
Thandiwe Newton,Crash
Thandiwe Newton,American Dad!
Ingrid Bolsø Berdal,Eva & Adam
Ingrid Bolsø Berdal,Cold Prey
Ingrid Bolsø Berdal,Sons
Ingrid Bolsø Berdal,Comrade Pedersen
Thandiwe Newton,The Late Late Show with Craig Ferguson
Thandiwe Newton,The Chronicles of Riddick
Thandiwe Newton,Shade
Thandiwe Newton,The Truth About Charlie
Thandiwe Newton,It Was an Accident
Thandiwe Newton,Mission: Impossible II
Thandiwe Newton,Beloved
Thandiwe Newton,Besieged
Thandiwe Newton,In Your Dreams
Thandiwe Newton,Gridlock'd
Thandiwe Newton,The Leading Man
Thandiwe Newton,The Daily Show with Trevor Noah
Thandiwe Newton,The Journey of August King
Thandiwe Newton,Jefferson in Paris
Thandiwe Newton,Interview with the Vampire
Thandiwe Newton,Loaded
Thandiwe Newton,The Young Americans
Thandiwe Newton,Flirting
Thandiwe Newton,President
Thandiwe Newton,Liyana
